[0.183s] DEBUG:colcon:Command line arguments: ['/usr/bin/colcon', 'build']
[0.183s] DEBUG:colcon:Parsed command line arguments: Namespace(log_base=None, log_level=None, verb_name='build', build_base='build', install_base='install', merge_install=False, symlink_install=False, test_result_base=None, continue_on_error=False, executor='parallel', parallel_workers=22, event_handlers=None, ignore_user_meta=False, metas=['./colcon.meta'], base_paths=['.'], packages_ignore=None, packages_ignore_regex=None, paths=None, packages_up_to=None, packages_up_to_regex=None, packages_above=None, packages_above_and_dependencies=None, packages_above_depth=None, packages_select_by_dep=None, packages_skip_by_dep=None, packages_skip_up_to=None, packages_select_build_failed=False, packages_skip_build_finished=False, packages_select_test_failures=False, packages_skip_test_passed=False, packages_select=None, packages_skip=None, packages_select_regex=None, packages_skip_regex=None, packages_start=None, packages_end=None, allow_overriding=[], cmake_args=None, cmake_target=None, cmake_target_skip_unavailable=False, cmake_clean_cache=False, cmake_clean_first=False, cmake_force_configure=False, ament_cmake_args=None, catkin_cmake_args=None, catkin_skip_building_tests=False, mixin_files=None, mixin=None, verb_parser=<colcon_mixin.mixin.mixin_argument.MixinArgumentDecorator object at 0x7b0d4853a540>, verb_extension=<colcon_core.verb.build.BuildVerb object at 0x7b0d4869a990>, main=<bound method BuildVerb.main of <colcon_core.verb.build.BuildVerb object at 0x7b0d4869a990>>, mixin_verb=('build',))
[0.210s] Level 1:colcon.colcon_core.package_discovery:discover_packages(colcon_meta) check parameters
[0.210s] Level 1:colcon.colcon_core.package_discovery:discover_packages(recursive) check parameters
[0.210s] Level 1:colcon.colcon_core.package_discovery:discover_packages(ignore) check parameters
[0.210s] Level 1:colcon.colcon_core.package_discovery:discover_packages(path) check parameters
[0.210s] Level 1:colcon.colcon_core.package_discovery:discover_packages(colcon_meta) discover
[0.210s] Level 1:colcon.colcon_core.package_discovery:discover_packages(recursive) discover
[0.210s] INFO:colcon.colcon_core.package_discovery:Crawling recursively for packages in '/home/lexij/roselab-perception'
[0.210s] Level 1:colcon.colcon_core.package_identification:_identify(.) by extensions ['ignore', 'ignore_ament_install']
[0.210s] Level 1:colcon.colcon_core.package_identification:_identify(.) by extension 'ignore'
[0.210s] Level 1:colcon.colcon_core.package_identification:_identify(.) by extension 'ignore_ament_install'
[0.210s] Level 1:colcon.colcon_core.package_identification:_identify(.) by extensions ['colcon_pkg']
[0.210s] Level 1:colcon.colcon_core.package_identification:_identify(.) by extension 'colcon_pkg'
[0.211s] Level 1:colcon.colcon_core.package_identification:_identify(.) by extensions ['colcon_meta']
[0.211s] Level 1:colcon.colcon_core.package_identification:_identify(.) by extension 'colcon_meta'
[0.211s] Level 1:colcon.colcon_core.package_identification:_identify(.) by extensions ['ros']
[0.211s] Level 1:colcon.colcon_core.package_identification:_identify(.) by extension 'ros'
[0.228s] Level 1:colcon.colcon_core.package_identification:_identify(.) by extensions ['cmake', 'python']
[0.228s] Level 1:colcon.colcon_core.package_identification:_identify(.) by extension 'cmake'
[0.228s] Level 1:colcon.colcon_core.package_identification:_identify(.) by extension 'python'
[0.228s] Level 1:colcon.colcon_core.package_identification:_identify(.) by extensions ['python_setup_py']
[0.228s] Level 1:colcon.colcon_core.package_identification:_identify(.) by extension 'python_setup_py'
[0.228s] Level 1:colcon.colcon_core.package_identification:_identify(build) by extensions ['ignore', 'ignore_ament_install']
[0.229s] Level 1:colcon.colcon_core.package_identification:_identify(build) by extension 'ignore'
[0.229s] Level 1:colcon.colcon_core.package_identification:_identify(build) ignored
[0.229s] Level 1:colcon.colcon_core.package_identification:_identify(data) by extensions ['ignore', 'ignore_ament_install']
[0.229s] Level 1:colcon.colcon_core.package_identification:_identify(data) by extension 'ignore'
[0.229s] Level 1:colcon.colcon_core.package_identification:_identify(data) by extension 'ignore_ament_install'
[0.229s] Level 1:colcon.colcon_core.package_identification:_identify(data) by extensions ['colcon_pkg']
[0.229s] Level 1:colcon.colcon_core.package_identification:_identify(data) by extension 'colcon_pkg'
[0.229s] Level 1:colcon.colcon_core.package_identification:_identify(data) by extensions ['colcon_meta']
[0.229s] Level 1:colcon.colcon_core.package_identification:_identify(data) by extension 'colcon_meta'
[0.229s] Level 1:colcon.colcon_core.package_identification:_identify(data) by extensions ['ros']
[0.229s] Level 1:colcon.colcon_core.package_identification:_identify(data) by extension 'ros'
[0.229s] Level 1:colcon.colcon_core.package_identification:_identify(data) by extensions ['cmake', 'python']
[0.229s] Level 1:colcon.colcon_core.package_identification:_identify(data) by extension 'cmake'
[0.229s] Level 1:colcon.colcon_core.package_identification:_identify(data) by extension 'python'
[0.229s] Level 1:colcon.colcon_core.package_identification:_identify(data) by extensions ['python_setup_py']
[0.229s] Level 1:colcon.colcon_core.package_identification:_identify(data) by extension 'python_setup_py'
[0.229s] Level 1:colcon.colcon_core.package_identification:_identify(install) by extensions ['ignore', 'ignore_ament_install']
[0.229s] Level 1:colcon.colcon_core.package_identification:_identify(install) by extension 'ignore'
[0.229s] Level 1:colcon.colcon_core.package_identification:_identify(install) ignored
[0.229s] Level 1:colcon.colcon_core.package_identification:_identify(log) by extensions ['ignore', 'ignore_ament_install']
[0.229s] Level 1:colcon.colcon_core.package_identification:_identify(log) by extension 'ignore'
[0.229s] Level 1:colcon.colcon_core.package_identification:_identify(log) ignored
[0.229s] Level 1:colcon.colcon_core.package_identification:_identify(reference) by extensions ['ignore', 'ignore_ament_install']
[0.229s] Level 1:colcon.colcon_core.package_identification:_identify(reference) by extension 'ignore'
[0.229s] Level 1:colcon.colcon_core.package_identification:_identify(reference) by extension 'ignore_ament_install'
[0.229s] Level 1:colcon.colcon_core.package_identification:_identify(reference) by extensions ['colcon_pkg']
[0.229s] Level 1:colcon.colcon_core.package_identification:_identify(reference) by extension 'colcon_pkg'
[0.229s] Level 1:colcon.colcon_core.package_identification:_identify(reference) by extensions ['colcon_meta']
[0.229s] Level 1:colcon.colcon_core.package_identification:_identify(reference) by extension 'colcon_meta'
[0.229s] Level 1:colcon.colcon_core.package_identification:_identify(reference) by extensions ['ros']
[0.230s] Level 1:colcon.colcon_core.package_identification:_identify(reference) by extension 'ros'
[0.230s] Level 1:colcon.colcon_core.package_identification:_identify(reference) by extensions ['cmake', 'python']
[0.230s] Level 1:colcon.colcon_core.package_identification:_identify(reference) by extension 'cmake'
[0.230s] Level 1:colcon.colcon_core.package_identification:_identify(reference) by extension 'python'
[0.230s] Level 1:colcon.colcon_core.package_identification:_identify(reference) by extensions ['python_setup_py']
[0.230s] Level 1:colcon.colcon_core.package_identification:_identify(reference) by extension 'python_setup_py'
[0.230s] Level 1:colcon.colcon_core.package_identification:_identify(reference/OptitrackPoseEval) by extensions ['ignore', 'ignore_ament_install']
[0.230s] Level 1:colcon.colcon_core.package_identification:_identify(reference/OptitrackPoseEval) by extension 'ignore'
[0.230s] Level 1:colcon.colcon_core.package_identification:_identify(reference/OptitrackPoseEval) by extension 'ignore_ament_install'
[0.230s] Level 1:colcon.colcon_core.package_identification:_identify(reference/OptitrackPoseEval) by extensions ['colcon_pkg']
[0.230s] Level 1:colcon.colcon_core.package_identification:_identify(reference/OptitrackPoseEval) by extension 'colcon_pkg'
[0.230s] Level 1:colcon.colcon_core.package_identification:_identify(reference/OptitrackPoseEval) by extensions ['colcon_meta']
[0.230s] Level 1:colcon.colcon_core.package_identification:_identify(reference/OptitrackPoseEval) by extension 'colcon_meta'
[0.230s] Level 1:colcon.colcon_core.package_identification:_identify(reference/OptitrackPoseEval) by extensions ['ros']
[0.230s] Level 1:colcon.colcon_core.package_identification:_identify(reference/OptitrackPoseEval) by extension 'ros'
[0.230s] Level 1:colcon.colcon_core.package_identification:_identify(reference/OptitrackPoseEval) by extensions ['cmake', 'python']
[0.230s] Level 1:colcon.colcon_core.package_identification:_identify(reference/OptitrackPoseEval) by extension 'cmake'
[0.230s] Level 1:colcon.colcon_core.package_identification:_identify(reference/OptitrackPoseEval) by extension 'python'
[0.230s] Level 1:colcon.colcon_core.package_identification:_identify(reference/OptitrackPoseEval) by extensions ['python_setup_py']
[0.230s] Level 1:colcon.colcon_core.package_identification:_identify(reference/OptitrackPoseEval) by extension 'python_setup_py'
[0.230s] Level 1:colcon.colcon_core.package_identification:_identify(reference/OptitrackPoseEval/src) by extensions ['ignore', 'ignore_ament_install']
[0.230s] Level 1:colcon.colcon_core.package_identification:_identify(reference/OptitrackPoseEval/src) by extension 'ignore'
[0.230s] Level 1:colcon.colcon_core.package_identification:_identify(reference/OptitrackPoseEval/src) by extension 'ignore_ament_install'
[0.230s] Level 1:colcon.colcon_core.package_identification:_identify(reference/OptitrackPoseEval/src) by extensions ['colcon_pkg']
[0.230s] Level 1:colcon.colcon_core.package_identification:_identify(reference/OptitrackPoseEval/src) by extension 'colcon_pkg'
[0.230s] Level 1:colcon.colcon_core.package_identification:_identify(reference/OptitrackPoseEval/src) by extensions ['colcon_meta']
[0.230s] Level 1:colcon.colcon_core.package_identification:_identify(reference/OptitrackPoseEval/src) by extension 'colcon_meta'
[0.230s] Level 1:colcon.colcon_core.package_identification:_identify(reference/OptitrackPoseEval/src) by extensions ['ros']
[0.230s] Level 1:colcon.colcon_core.package_identification:_identify(reference/OptitrackPoseEval/src) by extension 'ros'
[0.230s] Level 1:colcon.colcon_core.package_identification:_identify(reference/OptitrackPoseEval/src) by extensions ['cmake', 'python']
[0.230s] Level 1:colcon.colcon_core.package_identification:_identify(reference/OptitrackPoseEval/src) by extension 'cmake'
[0.230s] Level 1:colcon.colcon_core.package_identification:_identify(reference/OptitrackPoseEval/src) by extension 'python'
[0.230s] Level 1:colcon.colcon_core.package_identification:_identify(reference/OptitrackPoseEval/src) by extensions ['python_setup_py']
[0.230s] Level 1:colcon.colcon_core.package_identification:_identify(reference/OptitrackPoseEval/src) by extension 'python_setup_py'
[0.230s] Level 1:colcon.colcon_core.package_identification:_identify(ros) by extensions ['ignore', 'ignore_ament_install']
[0.230s] Level 1:colcon.colcon_core.package_identification:_identify(ros) by extension 'ignore'
[0.231s] Level 1:colcon.colcon_core.package_identification:_identify(ros) by extension 'ignore_ament_install'
[0.231s] Level 1:colcon.colcon_core.package_identification:_identify(ros) by extensions ['colcon_pkg']
[0.231s] Level 1:colcon.colcon_core.package_identification:_identify(ros) by extension 'colcon_pkg'
[0.231s] Level 1:colcon.colcon_core.package_identification:_identify(ros) by extensions ['colcon_meta']
[0.231s] Level 1:colcon.colcon_core.package_identification:_identify(ros) by extension 'colcon_meta'
[0.231s] Level 1:colcon.colcon_core.package_identification:_identify(ros) by extensions ['ros']
[0.231s] Level 1:colcon.colcon_core.package_identification:_identify(ros) by extension 'ros'
[0.231s] Level 1:colcon.colcon_core.package_identification:_identify(ros) by extensions ['cmake', 'python']
[0.231s] Level 1:colcon.colcon_core.package_identification:_identify(ros) by extension 'cmake'
[0.231s] Level 1:colcon.colcon_core.package_identification:_identify(ros) by extension 'python'
[0.231s] Level 1:colcon.colcon_core.package_identification:_identify(ros) by extensions ['python_setup_py']
[0.231s] Level 1:colcon.colcon_core.package_identification:_identify(ros) by extension 'python_setup_py'
[0.231s] Level 1:colcon.colcon_core.package_identification:_identify(ros/src) by extensions ['ignore', 'ignore_ament_install']
[0.231s] Level 1:colcon.colcon_core.package_identification:_identify(ros/src) by extension 'ignore'
[0.231s] Level 1:colcon.colcon_core.package_identification:_identify(ros/src) by extension 'ignore_ament_install'
[0.231s] Level 1:colcon.colcon_core.package_identification:_identify(ros/src) by extensions ['colcon_pkg']
[0.231s] Level 1:colcon.colcon_core.package_identification:_identify(ros/src) by extension 'colcon_pkg'
[0.231s] Level 1:colcon.colcon_core.package_identification:_identify(ros/src) by extensions ['colcon_meta']
[0.231s] Level 1:colcon.colcon_core.package_identification:_identify(ros/src) by extension 'colcon_meta'
[0.231s] Level 1:colcon.colcon_core.package_identification:_identify(ros/src) by extensions ['ros']
[0.231s] Level 1:colcon.colcon_core.package_identification:_identify(ros/src) by extension 'ros'
[0.231s] Level 1:colcon.colcon_core.package_identification:_identify(ros/src) by extensions ['cmake', 'python']
[0.231s] Level 1:colcon.colcon_core.package_identification:_identify(ros/src) by extension 'cmake'
[0.231s] Level 1:colcon.colcon_core.package_identification:_identify(ros/src) by extension 'python'
[0.231s] Level 1:colcon.colcon_core.package_identification:_identify(ros/src) by extensions ['python_setup_py']
[0.231s] Level 1:colcon.colcon_core.package_identification:_identify(ros/src) by extension 'python_setup_py'
[0.231s] Level 1:colcon.colcon_core.package_identification:_identify(ros/src/aggregated_pointcloud) by extensions ['ignore', 'ignore_ament_install']
[0.231s] Level 1:colcon.colcon_core.package_identification:_identify(ros/src/aggregated_pointcloud) by extension 'ignore'
[0.231s] Level 1:colcon.colcon_core.package_identification:_identify(ros/src/aggregated_pointcloud) by extension 'ignore_ament_install'
[0.231s] Level 1:colcon.colcon_core.package_identification:_identify(ros/src/aggregated_pointcloud) by extensions ['colcon_pkg']
[0.231s] Level 1:colcon.colcon_core.package_identification:_identify(ros/src/aggregated_pointcloud) by extension 'colcon_pkg'
[0.231s] Level 1:colcon.colcon_core.package_identification:_identify(ros/src/aggregated_pointcloud) by extensions ['colcon_meta']
[0.231s] Level 1:colcon.colcon_core.package_identification:_identify(ros/src/aggregated_pointcloud) by extension 'colcon_meta'
[0.232s] Level 1:colcon.colcon_core.package_identification:_identify(ros/src/aggregated_pointcloud) by extensions ['ros']
[0.232s] Level 1:colcon.colcon_core.package_identification:_identify(ros/src/aggregated_pointcloud) by extension 'ros'
[0.233s] DEBUG:colcon.colcon_core.package_identification:Package 'ros/src/aggregated_pointcloud' with type 'ros.ament_python' and name 'aggregated_pointcloud'
[0.233s] Level 1:colcon.colcon_core.package_identification:_identify(ros/src/benchmarking_sdk) by extensions ['ignore', 'ignore_ament_install']
[0.233s] Level 1:colcon.colcon_core.package_identification:_identify(ros/src/benchmarking_sdk) by extension 'ignore'
[0.233s] Level 1:colcon.colcon_core.package_identification:_identify(ros/src/benchmarking_sdk) by extension 'ignore_ament_install'
[0.234s] Level 1:colcon.colcon_core.package_identification:_identify(ros/src/benchmarking_sdk) by extensions ['colcon_pkg']
[0.234s] Level 1:colcon.colcon_core.package_identification:_identify(ros/src/benchmarking_sdk) by extension 'colcon_pkg'
[0.234s] Level 1:colcon.colcon_core.package_identification:_identify(ros/src/benchmarking_sdk) by extensions ['colcon_meta']
[0.234s] Level 1:colcon.colcon_core.package_identification:_identify(ros/src/benchmarking_sdk) by extension 'colcon_meta'
[0.234s] Level 1:colcon.colcon_core.package_identification:_identify(ros/src/benchmarking_sdk) by extensions ['ros']
[0.234s] Level 1:colcon.colcon_core.package_identification:_identify(ros/src/benchmarking_sdk) by extension 'ros'
[0.234s] Level 1:colcon.colcon_core.package_identification:_identify(ros/src/benchmarking_sdk) by extensions ['cmake', 'python']
[0.234s] Level 1:colcon.colcon_core.package_identification:_identify(ros/src/benchmarking_sdk) by extension 'cmake'
[0.234s] Level 1:colcon.colcon_core.package_identification:_identify(ros/src/benchmarking_sdk) by extension 'python'
[0.234s] Level 1:colcon.colcon_core.package_identification:_identify(ros/src/benchmarking_sdk) by extensions ['python_setup_py']
[0.234s] Level 1:colcon.colcon_core.package_identification:_identify(ros/src/benchmarking_sdk) by extension 'python_setup_py'
[0.234s] Level 1:colcon.colcon_core.package_identification:_identify(ros/src/gantry_lidar_interfaces) by extensions ['ignore', 'ignore_ament_install']
[0.234s] Level 1:colcon.colcon_core.package_identification:_identify(ros/src/gantry_lidar_interfaces) by extension 'ignore'
[0.234s] Level 1:colcon.colcon_core.package_identification:_identify(ros/src/gantry_lidar_interfaces) by extension 'ignore_ament_install'
[0.234s] Level 1:colcon.colcon_core.package_identification:_identify(ros/src/gantry_lidar_interfaces) by extensions ['colcon_pkg']
[0.234s] Level 1:colcon.colcon_core.package_identification:_identify(ros/src/gantry_lidar_interfaces) by extension 'colcon_pkg'
[0.234s] Level 1:colcon.colcon_core.package_identification:_identify(ros/src/gantry_lidar_interfaces) by extensions ['colcon_meta']
[0.234s] Level 1:colcon.colcon_core.package_identification:_identify(ros/src/gantry_lidar_interfaces) by extension 'colcon_meta'
[0.234s] Level 1:colcon.colcon_core.package_identification:_identify(ros/src/gantry_lidar_interfaces) by extensions ['ros']
[0.234s] Level 1:colcon.colcon_core.package_identification:_identify(ros/src/gantry_lidar_interfaces) by extension 'ros'
[0.234s] DEBUG:colcon.colcon_core.package_identification:Package 'ros/src/gantry_lidar_interfaces' with type 'ros.ament_cmake' and name 'gantry_lidar_interfaces'
[0.235s] Level 1:colcon.colcon_core.package_identification:_identify(ros/src/gantry_lidars) by extensions ['ignore', 'ignore_ament_install']
[0.235s] Level 1:colcon.colcon_core.package_identification:_identify(ros/src/gantry_lidars) by extension 'ignore'
[0.235s] Level 1:colcon.colcon_core.package_identification:_identify(ros/src/gantry_lidars) by extension 'ignore_ament_install'
[0.235s] Level 1:colcon.colcon_core.package_identification:_identify(ros/src/gantry_lidars) by extensions ['colcon_pkg']
[0.235s] Level 1:colcon.colcon_core.package_identification:_identify(ros/src/gantry_lidars) by extension 'colcon_pkg'
[0.235s] Level 1:colcon.colcon_core.package_identification:_identify(ros/src/gantry_lidars) by extensions ['colcon_meta']
[0.235s] Level 1:colcon.colcon_core.package_identification:_identify(ros/src/gantry_lidars) by extension 'colcon_meta'
[0.235s] Level 1:colcon.colcon_core.package_identification:_identify(ros/src/gantry_lidars) by extensions ['ros']
[0.235s] Level 1:colcon.colcon_core.package_identification:_identify(ros/src/gantry_lidars) by extension 'ros'
[0.235s] DEBUG:colcon.colcon_core.package_identification:Found ROS schema reference in package manifest in 'ros/src/gantry_lidars'
[0.235s] WARNING:colcon.colcon_core.package_identification:Failed to parse ROS package manifest in 'ros/src/gantry_lidars': Error(s) in package 'ros/src/gantry_lidars/package.xml':
Error(s):
- The generic dependency on 'rclpy' is redundant with: exec_depend
[0.235s] Level 1:colcon.colcon_core.package_identification:_identify(ros/src/gantry_lidars) by extensions ['cmake', 'python']
[0.235s] Level 1:colcon.colcon_core.package_identification:_identify(ros/src/gantry_lidars) by extension 'cmake'
[0.235s] Level 1:colcon.colcon_core.package_identification:_identify(ros/src/gantry_lidars) by extension 'python'
[0.235s] DEBUG:colcon.colcon_core.package_identification:Python package in 'ros/src/gantry_lidars' passes arguments to the setup() function which requires a different identification extension than 'python'
[0.235s] Level 1:colcon.colcon_core.package_identification:_identify(ros/src/gantry_lidars) by extensions ['python_setup_py']
[0.235s] Level 1:colcon.colcon_core.package_identification:_identify(ros/src/gantry_lidars) by extension 'python_setup_py'
[0.401s] ERROR:colcon.colcon_core.package_identification:Exception in package identification extension 'python_setup_py' in 'ros/src/gantry_lidars': Command '['/usr/bin/python3', '-c', 'import sys;from contextlib import suppress;exec("with suppress(ImportError):    from setuptools.extern.packaging.specifiers    import SpecifierSet");exec("with suppress(ImportError):    from packaging.specifiers import SpecifierSet");from distutils.core import run_setup;dist = run_setup(    \'setup.py\', script_args=(\'--dry-run\',), stop_after=\'config\');skip_keys = (\'cmdclass\', \'distclass\', \'ext_modules\', \'metadata\');data = {    key: value for key, value in dist.__dict__.items()     if (        not key.startswith(\'_\') and         not callable(value) and         key not in skip_keys and         key not in dist.display_option_names    )};data[\'metadata\'] = {    k: v for k, v in dist.metadata.__dict__.items()     if k not in (\'license_files\', \'provides_extras\')};sys.stdout.buffer.write(repr(data).encode(\'utf-8\'))']' returned non-zero exit status 1.
Traceback (most recent call last):
  File "/usr/lib/python3/dist-packages/colcon_core/package_identification/__init__.py", line 144, in _identify
    retval = extension.identify(_reused_descriptor_instance)
             ^^^^^^^^^^^^^^^^^^^^^^^^^^^^^^^^^^^^^^^^^^^^^^^
  File "/usr/lib/python3/dist-packages/colcon_python_setup_py/package_identification/python_setup_py.py", line 48, in identify
    config = get_setup_information(setup_py)
             ^^^^^^^^^^^^^^^^^^^^^^^^^^^^^^^
  File "/usr/lib/python3/dist-packages/colcon_python_setup_py/package_identification/python_setup_py.py", line 249, in get_setup_information
    _setup_information_cache[hashable_env] = _get_setup_information(
                                             ^^^^^^^^^^^^^^^^^^^^^^^
  File "/usr/lib/python3/dist-packages/colcon_python_setup_py/package_identification/python_setup_py.py", line 296, in _get_setup_information
    result = subprocess.run(
             ^^^^^^^^^^^^^^^
  File "/usr/lib/python3.12/subprocess.py", line 571, in run
    raise CalledProcessError(retcode, process.args,
subprocess.CalledProcessError: Command '['/usr/bin/python3', '-c', 'import sys;from contextlib import suppress;exec("with suppress(ImportError):    from setuptools.extern.packaging.specifiers    import SpecifierSet");exec("with suppress(ImportError):    from packaging.specifiers import SpecifierSet");from distutils.core import run_setup;dist = run_setup(    \'setup.py\', script_args=(\'--dry-run\',), stop_after=\'config\');skip_keys = (\'cmdclass\', \'distclass\', \'ext_modules\', \'metadata\');data = {    key: value for key, value in dist.__dict__.items()     if (        not key.startswith(\'_\') and         not callable(value) and         key not in skip_keys and         key not in dist.display_option_names    )};data[\'metadata\'] = {    k: v for k, v in dist.metadata.__dict__.items()     if k not in (\'license_files\', \'provides_extras\')};sys.stdout.buffer.write(repr(data).encode(\'utf-8\'))']' returned non-zero exit status 1.

[0.402s] Level 1:colcon.colcon_core.package_identification:_identify(ros/src/gantry_lidars/gantry_lidars) by extensions ['ignore', 'ignore_ament_install']
[0.402s] Level 1:colcon.colcon_core.package_identification:_identify(ros/src/gantry_lidars/gantry_lidars) by extension 'ignore'
[0.402s] Level 1:colcon.colcon_core.package_identification:_identify(ros/src/gantry_lidars/gantry_lidars) by extension 'ignore_ament_install'
[0.402s] Level 1:colcon.colcon_core.package_identification:_identify(ros/src/gantry_lidars/gantry_lidars) by extensions ['colcon_pkg']
[0.402s] Level 1:colcon.colcon_core.package_identification:_identify(ros/src/gantry_lidars/gantry_lidars) by extension 'colcon_pkg'
[0.402s] Level 1:colcon.colcon_core.package_identification:_identify(ros/src/gantry_lidars/gantry_lidars) by extensions ['colcon_meta']
[0.402s] Level 1:colcon.colcon_core.package_identification:_identify(ros/src/gantry_lidars/gantry_lidars) by extension 'colcon_meta'
[0.402s] Level 1:colcon.colcon_core.package_identification:_identify(ros/src/gantry_lidars/gantry_lidars) by extensions ['ros']
[0.402s] Level 1:colcon.colcon_core.package_identification:_identify(ros/src/gantry_lidars/gantry_lidars) by extension 'ros'
[0.402s] Level 1:colcon.colcon_core.package_identification:_identify(ros/src/gantry_lidars/gantry_lidars) by extensions ['cmake', 'python']
[0.402s] Level 1:colcon.colcon_core.package_identification:_identify(ros/src/gantry_lidars/gantry_lidars) by extension 'cmake'
[0.403s] Level 1:colcon.colcon_core.package_identification:_identify(ros/src/gantry_lidars/gantry_lidars) by extension 'python'
[0.403s] Level 1:colcon.colcon_core.package_identification:_identify(ros/src/gantry_lidars/gantry_lidars) by extensions ['python_setup_py']
[0.403s] Level 1:colcon.colcon_core.package_identification:_identify(ros/src/gantry_lidars/gantry_lidars) by extension 'python_setup_py'
[0.403s] Level 1:colcon.colcon_core.package_identification:_identify(ros/src/gantry_lidars/resource) by extensions ['ignore', 'ignore_ament_install']
[0.403s] Level 1:colcon.colcon_core.package_identification:_identify(ros/src/gantry_lidars/resource) by extension 'ignore'
[0.403s] Level 1:colcon.colcon_core.package_identification:_identify(ros/src/gantry_lidars/resource) by extension 'ignore_ament_install'
[0.403s] Level 1:colcon.colcon_core.package_identification:_identify(ros/src/gantry_lidars/resource) by extensions ['colcon_pkg']
[0.403s] Level 1:colcon.colcon_core.package_identification:_identify(ros/src/gantry_lidars/resource) by extension 'colcon_pkg'
[0.403s] Level 1:colcon.colcon_core.package_identification:_identify(ros/src/gantry_lidars/resource) by extensions ['colcon_meta']
[0.403s] Level 1:colcon.colcon_core.package_identification:_identify(ros/src/gantry_lidars/resource) by extension 'colcon_meta'
[0.403s] Level 1:colcon.colcon_core.package_identification:_identify(ros/src/gantry_lidars/resource) by extensions ['ros']
[0.403s] Level 1:colcon.colcon_core.package_identification:_identify(ros/src/gantry_lidars/resource) by extension 'ros'
[0.403s] Level 1:colcon.colcon_core.package_identification:_identify(ros/src/gantry_lidars/resource) by extensions ['cmake', 'python']
[0.403s] Level 1:colcon.colcon_core.package_identification:_identify(ros/src/gantry_lidars/resource) by extension 'cmake'
[0.404s] Level 1:colcon.colcon_core.package_identification:_identify(ros/src/gantry_lidars/resource) by extension 'python'
[0.404s] Level 1:colcon.colcon_core.package_identification:_identify(ros/src/gantry_lidars/resource) by extensions ['python_setup_py']
[0.404s] Level 1:colcon.colcon_core.package_identification:_identify(ros/src/gantry_lidars/resource) by extension 'python_setup_py'
[0.404s] Level 1:colcon.colcon_core.package_identification:_identify(ros/src/gantry_lidars/test) by extensions ['ignore', 'ignore_ament_install']
[0.404s] Level 1:colcon.colcon_core.package_identification:_identify(ros/src/gantry_lidars/test) by extension 'ignore'
[0.404s] Level 1:colcon.colcon_core.package_identification:_identify(ros/src/gantry_lidars/test) by extension 'ignore_ament_install'
[0.404s] Level 1:colcon.colcon_core.package_identification:_identify(ros/src/gantry_lidars/test) by extensions ['colcon_pkg']
[0.404s] Level 1:colcon.colcon_core.package_identification:_identify(ros/src/gantry_lidars/test) by extension 'colcon_pkg'
[0.404s] Level 1:colcon.colcon_core.package_identification:_identify(ros/src/gantry_lidars/test) by extensions ['colcon_meta']
[0.404s] Level 1:colcon.colcon_core.package_identification:_identify(ros/src/gantry_lidars/test) by extension 'colcon_meta'
[0.404s] Level 1:colcon.colcon_core.package_identification:_identify(ros/src/gantry_lidars/test) by extensions ['ros']
[0.404s] Level 1:colcon.colcon_core.package_identification:_identify(ros/src/gantry_lidars/test) by extension 'ros'
[0.404s] Level 1:colcon.colcon_core.package_identification:_identify(ros/src/gantry_lidars/test) by extensions ['cmake', 'python']
[0.404s] Level 1:colcon.colcon_core.package_identification:_identify(ros/src/gantry_lidars/test) by extension 'cmake'
[0.405s] Level 1:colcon.colcon_core.package_identification:_identify(ros/src/gantry_lidars/test) by extension 'python'
[0.405s] Level 1:colcon.colcon_core.package_identification:_identify(ros/src/gantry_lidars/test) by extensions ['python_setup_py']
[0.405s] Level 1:colcon.colcon_core.package_identification:_identify(ros/src/gantry_lidars/test) by extension 'python_setup_py'
[0.405s] Level 1:colcon.colcon_core.package_identification:_identify(ros/src/gantry_services) by extensions ['ignore', 'ignore_ament_install']
[0.405s] Level 1:colcon.colcon_core.package_identification:_identify(ros/src/gantry_services) by extension 'ignore'
[0.405s] Level 1:colcon.colcon_core.package_identification:_identify(ros/src/gantry_services) by extension 'ignore_ament_install'
[0.405s] Level 1:colcon.colcon_core.package_identification:_identify(ros/src/gantry_services) by extensions ['colcon_pkg']
[0.405s] Level 1:colcon.colcon_core.package_identification:_identify(ros/src/gantry_services) by extension 'colcon_pkg'
[0.405s] Level 1:colcon.colcon_core.package_identification:_identify(ros/src/gantry_services) by extensions ['colcon_meta']
[0.405s] Level 1:colcon.colcon_core.package_identification:_identify(ros/src/gantry_services) by extension 'colcon_meta'
[0.405s] Level 1:colcon.colcon_core.package_identification:_identify(ros/src/gantry_services) by extensions ['ros']
[0.405s] Level 1:colcon.colcon_core.package_identification:_identify(ros/src/gantry_services) by extension 'ros'
[0.406s] DEBUG:colcon.colcon_core.package_identification:Package 'ros/src/gantry_services' with type 'ros.ament_python' and name 'gantry_services'
[0.406s] Level 1:colcon.colcon_core.package_identification:_identify(ros/src/mastcam_pointcloud) by extensions ['ignore', 'ignore_ament_install']
[0.406s] Level 1:colcon.colcon_core.package_identification:_identify(ros/src/mastcam_pointcloud) by extension 'ignore'
[0.406s] Level 1:colcon.colcon_core.package_identification:_identify(ros/src/mastcam_pointcloud) by extension 'ignore_ament_install'
[0.406s] Level 1:colcon.colcon_core.package_identification:_identify(ros/src/mastcam_pointcloud) by extensions ['colcon_pkg']
[0.406s] Level 1:colcon.colcon_core.package_identification:_identify(ros/src/mastcam_pointcloud) by extension 'colcon_pkg'
[0.406s] Level 1:colcon.colcon_core.package_identification:_identify(ros/src/mastcam_pointcloud) by extensions ['colcon_meta']
[0.406s] Level 1:colcon.colcon_core.package_identification:_identify(ros/src/mastcam_pointcloud) by extension 'colcon_meta'
[0.406s] Level 1:colcon.colcon_core.package_identification:_identify(ros/src/mastcam_pointcloud) by extensions ['ros']
[0.406s] Level 1:colcon.colcon_core.package_identification:_identify(ros/src/mastcam_pointcloud) by extension 'ros'
[0.407s] DEBUG:colcon.colcon_core.package_identification:Package 'ros/src/mastcam_pointcloud' with type 'ros.ament_python' and name 'mastcam_pointcloud'
[0.407s] Level 1:colcon.colcon_core.package_identification:_identify(ros/src/realsense_bag_recorder_cpp) by extensions ['ignore', 'ignore_ament_install']
[0.407s] Level 1:colcon.colcon_core.package_identification:_identify(ros/src/realsense_bag_recorder_cpp) by extension 'ignore'
[0.407s] Level 1:colcon.colcon_core.package_identification:_identify(ros/src/realsense_bag_recorder_cpp) by extension 'ignore_ament_install'
[0.407s] Level 1:colcon.colcon_core.package_identification:_identify(ros/src/realsense_bag_recorder_cpp) by extensions ['colcon_pkg']
[0.407s] Level 1:colcon.colcon_core.package_identification:_identify(ros/src/realsense_bag_recorder_cpp) by extension 'colcon_pkg'
[0.407s] Level 1:colcon.colcon_core.package_identification:_identify(ros/src/realsense_bag_recorder_cpp) by extensions ['colcon_meta']
[0.407s] Level 1:colcon.colcon_core.package_identification:_identify(ros/src/realsense_bag_recorder_cpp) by extension 'colcon_meta'
[0.407s] Level 1:colcon.colcon_core.package_identification:_identify(ros/src/realsense_bag_recorder_cpp) by extensions ['ros']
[0.407s] Level 1:colcon.colcon_core.package_identification:_identify(ros/src/realsense_bag_recorder_cpp) by extension 'ros'
[0.407s] DEBUG:colcon.colcon_core.package_identification:Package 'ros/src/realsense_bag_recorder_cpp' with type 'ros.ament_cmake' and name 'realsense_bag_recorder_cpp'
[0.407s] Level 1:colcon.colcon_core.package_identification:_identify(ros/src/scan_automation) by extensions ['ignore', 'ignore_ament_install']
[0.407s] Level 1:colcon.colcon_core.package_identification:_identify(ros/src/scan_automation) by extension 'ignore'
[0.407s] Level 1:colcon.colcon_core.package_identification:_identify(ros/src/scan_automation) by extension 'ignore_ament_install'
[0.407s] Level 1:colcon.colcon_core.package_identification:_identify(ros/src/scan_automation) by extensions ['colcon_pkg']
[0.407s] Level 1:colcon.colcon_core.package_identification:_identify(ros/src/scan_automation) by extension 'colcon_pkg'
[0.407s] Level 1:colcon.colcon_core.package_identification:_identify(ros/src/scan_automation) by extensions ['colcon_meta']
[0.407s] Level 1:colcon.colcon_core.package_identification:_identify(ros/src/scan_automation) by extension 'colcon_meta'
[0.407s] Level 1:colcon.colcon_core.package_identification:_identify(ros/src/scan_automation) by extensions ['ros']
[0.408s] Level 1:colcon.colcon_core.package_identification:_identify(ros/src/scan_automation) by extension 'ros'
[0.408s] DEBUG:colcon.colcon_core.package_identification:Package 'ros/src/scan_automation' with type 'ros.ament_python' and name 'scan_automation'
[0.408s] Level 1:colcon.colcon_core.package_identification:_identify(scripts) by extensions ['ignore', 'ignore_ament_install']
[0.408s] Level 1:colcon.colcon_core.package_identification:_identify(scripts) by extension 'ignore'
[0.408s] Level 1:colcon.colcon_core.package_identification:_identify(scripts) by extension 'ignore_ament_install'
[0.408s] Level 1:colcon.colcon_core.package_identification:_identify(scripts) by extensions ['colcon_pkg']
[0.408s] Level 1:colcon.colcon_core.package_identification:_identify(scripts) by extension 'colcon_pkg'
[0.408s] Level 1:colcon.colcon_core.package_identification:_identify(scripts) by extensions ['colcon_meta']
[0.408s] Level 1:colcon.colcon_core.package_identification:_identify(scripts) by extension 'colcon_meta'
[0.408s] Level 1:colcon.colcon_core.package_identification:_identify(scripts) by extensions ['ros']
[0.408s] Level 1:colcon.colcon_core.package_identification:_identify(scripts) by extension 'ros'
[0.408s] Level 1:colcon.colcon_core.package_identification:_identify(scripts) by extensions ['cmake', 'python']
[0.408s] Level 1:colcon.colcon_core.package_identification:_identify(scripts) by extension 'cmake'
[0.408s] Level 1:colcon.colcon_core.package_identification:_identify(scripts) by extension 'python'
[0.408s] Level 1:colcon.colcon_core.package_identification:_identify(scripts) by extensions ['python_setup_py']
[0.408s] Level 1:colcon.colcon_core.package_identification:_identify(scripts) by extension 'python_setup_py'
[0.409s] Level 1:colcon.colcon_core.package_identification:_identify(src) by extensions ['ignore', 'ignore_ament_install']
[0.409s] Level 1:colcon.colcon_core.package_identification:_identify(src) by extension 'ignore'
[0.409s] Level 1:colcon.colcon_core.package_identification:_identify(src) by extension 'ignore_ament_install'
[0.409s] Level 1:colcon.colcon_core.package_identification:_identify(src) by extensions ['colcon_pkg']
[0.409s] Level 1:colcon.colcon_core.package_identification:_identify(src) by extension 'colcon_pkg'
[0.409s] Level 1:colcon.colcon_core.package_identification:_identify(src) by extensions ['colcon_meta']
[0.409s] Level 1:colcon.colcon_core.package_identification:_identify(src) by extension 'colcon_meta'
[0.409s] Level 1:colcon.colcon_core.package_identification:_identify(src) by extensions ['ros']
[0.409s] Level 1:colcon.colcon_core.package_identification:_identify(src) by extension 'ros'
[0.409s] Level 1:colcon.colcon_core.package_identification:_identify(src) by extensions ['cmake', 'python']
[0.409s] Level 1:colcon.colcon_core.package_identification:_identify(src) by extension 'cmake'
[0.409s] Level 1:colcon.colcon_core.package_identification:_identify(src) by extension 'python'
[0.409s] Level 1:colcon.colcon_core.package_identification:_identify(src) by extensions ['python_setup_py']
[0.409s] Level 1:colcon.colcon_core.package_identification:_identify(src) by extension 'python_setup_py'
[0.409s] Level 1:colcon.colcon_core.package_discovery:discover_packages(recursive) using defaults
[0.409s] Level 1:colcon.colcon_core.package_discovery:discover_packages(ignore) discover
[0.409s] Level 1:colcon.colcon_core.package_discovery:discover_packages(ignore) using defaults
[0.409s] Level 1:colcon.colcon_core.package_discovery:discover_packages(path) discover
[0.409s] Level 1:colcon.colcon_core.package_discovery:discover_packages(path) using defaults
[0.422s] Level 1:colcon.colcon_core.package_discovery:discover_packages(prefix_path) check parameters
[0.423s] Level 1:colcon.colcon_core.package_discovery:discover_packages(prefix_path) discover
[0.424s] DEBUG:colcon.colcon_installed_package_information.package_discovery:Found 6 installed packages in /home/lexij/roselab-perception/install
[0.425s] DEBUG:colcon.colcon_installed_package_information.package_discovery:Found 318 installed packages in /opt/ros/jazzy
[0.426s] Level 1:colcon.colcon_core.package_discovery:discover_packages(prefix_path) using defaults
[0.455s] Level 5:colcon.colcon_core.verb:set package 'aggregated_pointcloud' build argument 'cmake_args' from command line to 'None'
[0.455s] Level 5:colcon.colcon_core.verb:set package 'aggregated_pointcloud' build argument 'cmake_target' from command line to 'None'
[0.455s] Level 5:colcon.colcon_core.verb:set package 'aggregated_pointcloud' build argument 'cmake_target_skip_unavailable' from command line to 'False'
[0.455s] Level 5:colcon.colcon_core.verb:set package 'aggregated_pointcloud' build argument 'cmake_clean_cache' from command line to 'False'
[0.455s] Level 5:colcon.colcon_core.verb:set package 'aggregated_pointcloud' build argument 'cmake_clean_first' from command line to 'False'
[0.455s] Level 5:colcon.colcon_core.verb:set package 'aggregated_pointcloud' build argument 'cmake_force_configure' from command line to 'False'
[0.455s] Level 5:colcon.colcon_core.verb:set package 'aggregated_pointcloud' build argument 'ament_cmake_args' from command line to 'None'
[0.455s] Level 5:colcon.colcon_core.verb:set package 'aggregated_pointcloud' build argument 'catkin_cmake_args' from command line to 'None'
[0.455s] Level 5:colcon.colcon_core.verb:set package 'aggregated_pointcloud' build argument 'catkin_skip_building_tests' from command line to 'False'
[0.455s] DEBUG:colcon.colcon_core.verb:Building package 'aggregated_pointcloud' with the following arguments: {'ament_cmake_args': None, 'build_base': '/home/lexij/roselab-perception/build/aggregated_pointcloud', 'catkin_cmake_args': None, 'catkin_skip_building_tests': False, 'cmake_args': None, 'cmake_clean_cache': False, 'cmake_clean_first': False, 'cmake_force_configure': False, 'cmake_target': None, 'cmake_target_skip_unavailable': False, 'install_base': '/home/lexij/roselab-perception/install/aggregated_pointcloud', 'merge_install': False, 'path': '/home/lexij/roselab-perception/ros/src/aggregated_pointcloud', 'symlink_install': False, 'test_result_base': None}
[0.455s] Level 5:colcon.colcon_core.verb:set package 'gantry_lidar_interfaces' build argument 'cmake_args' from command line to 'None'
[0.455s] Level 5:colcon.colcon_core.verb:set package 'gantry_lidar_interfaces' build argument 'cmake_target' from command line to 'None'
[0.455s] Level 5:colcon.colcon_core.verb:set package 'gantry_lidar_interfaces' build argument 'cmake_target_skip_unavailable' from command line to 'False'
[0.455s] Level 5:colcon.colcon_core.verb:set package 'gantry_lidar_interfaces' build argument 'cmake_clean_cache' from command line to 'False'
[0.455s] Level 5:colcon.colcon_core.verb:set package 'gantry_lidar_interfaces' build argument 'cmake_clean_first' from command line to 'False'
[0.455s] Level 5:colcon.colcon_core.verb:set package 'gantry_lidar_interfaces' build argument 'cmake_force_configure' from command line to 'False'
[0.456s] Level 5:colcon.colcon_core.verb:set package 'gantry_lidar_interfaces' build argument 'ament_cmake_args' from command line to 'None'
[0.456s] Level 5:colcon.colcon_core.verb:set package 'gantry_lidar_interfaces' build argument 'catkin_cmake_args' from command line to 'None'
[0.456s] Level 5:colcon.colcon_core.verb:set package 'gantry_lidar_interfaces' build argument 'catkin_skip_building_tests' from command line to 'False'
[0.456s] DEBUG:colcon.colcon_core.verb:Building package 'gantry_lidar_interfaces' with the following arguments: {'ament_cmake_args': None, 'build_base': '/home/lexij/roselab-perception/build/gantry_lidar_interfaces', 'catkin_cmake_args': None, 'catkin_skip_building_tests': False, 'cmake_args': None, 'cmake_clean_cache': False, 'cmake_clean_first': False, 'cmake_force_configure': False, 'cmake_target': None, 'cmake_target_skip_unavailable': False, 'install_base': '/home/lexij/roselab-perception/install/gantry_lidar_interfaces', 'merge_install': False, 'path': '/home/lexij/roselab-perception/ros/src/gantry_lidar_interfaces', 'symlink_install': False, 'test_result_base': None}
[0.456s] Level 5:colcon.colcon_core.verb:set package 'mastcam_pointcloud' build argument 'cmake_args' from command line to 'None'
[0.456s] Level 5:colcon.colcon_core.verb:set package 'mastcam_pointcloud' build argument 'cmake_target' from command line to 'None'
[0.456s] Level 5:colcon.colcon_core.verb:set package 'mastcam_pointcloud' build argument 'cmake_target_skip_unavailable' from command line to 'False'
[0.456s] Level 5:colcon.colcon_core.verb:set package 'mastcam_pointcloud' build argument 'cmake_clean_cache' from command line to 'False'
[0.456s] Level 5:colcon.colcon_core.verb:set package 'mastcam_pointcloud' build argument 'cmake_clean_first' from command line to 'False'
[0.456s] Level 5:colcon.colcon_core.verb:set package 'mastcam_pointcloud' build argument 'cmake_force_configure' from command line to 'False'
[0.456s] Level 5:colcon.colcon_core.verb:set package 'mastcam_pointcloud' build argument 'ament_cmake_args' from command line to 'None'
[0.456s] Level 5:colcon.colcon_core.verb:set package 'mastcam_pointcloud' build argument 'catkin_cmake_args' from command line to 'None'
[0.456s] Level 5:colcon.colcon_core.verb:set package 'mastcam_pointcloud' build argument 'catkin_skip_building_tests' from command line to 'False'
[0.456s] DEBUG:colcon.colcon_core.verb:Building package 'mastcam_pointcloud' with the following arguments: {'ament_cmake_args': None, 'build_base': '/home/lexij/roselab-perception/build/mastcam_pointcloud', 'catkin_cmake_args': None, 'catkin_skip_building_tests': False, 'cmake_args': None, 'cmake_clean_cache': False, 'cmake_clean_first': False, 'cmake_force_configure': False, 'cmake_target': None, 'cmake_target_skip_unavailable': False, 'install_base': '/home/lexij/roselab-perception/install/mastcam_pointcloud', 'merge_install': False, 'path': '/home/lexij/roselab-perception/ros/src/mastcam_pointcloud', 'symlink_install': False, 'test_result_base': None}
[0.456s] Level 5:colcon.colcon_core.verb:set package 'realsense_bag_recorder_cpp' build argument 'cmake_args' from command line to 'None'
[0.456s] Level 5:colcon.colcon_core.verb:set package 'realsense_bag_recorder_cpp' build argument 'cmake_target' from command line to 'None'
[0.456s] Level 5:colcon.colcon_core.verb:set package 'realsense_bag_recorder_cpp' build argument 'cmake_target_skip_unavailable' from command line to 'False'
[0.456s] Level 5:colcon.colcon_core.verb:set package 'realsense_bag_recorder_cpp' build argument 'cmake_clean_cache' from command line to 'False'
[0.456s] Level 5:colcon.colcon_core.verb:set package 'realsense_bag_recorder_cpp' build argument 'cmake_clean_first' from command line to 'False'
[0.456s] Level 5:colcon.colcon_core.verb:set package 'realsense_bag_recorder_cpp' build argument 'cmake_force_configure' from command line to 'False'
[0.456s] Level 5:colcon.colcon_core.verb:set package 'realsense_bag_recorder_cpp' build argument 'ament_cmake_args' from command line to 'None'
[0.456s] Level 5:colcon.colcon_core.verb:set package 'realsense_bag_recorder_cpp' build argument 'catkin_cmake_args' from command line to 'None'
[0.456s] Level 5:colcon.colcon_core.verb:set package 'realsense_bag_recorder_cpp' build argument 'catkin_skip_building_tests' from command line to 'False'
[0.456s] DEBUG:colcon.colcon_core.verb:Building package 'realsense_bag_recorder_cpp' with the following arguments: {'ament_cmake_args': None, 'build_base': '/home/lexij/roselab-perception/build/realsense_bag_recorder_cpp', 'catkin_cmake_args': None, 'catkin_skip_building_tests': False, 'cmake_args': None, 'cmake_clean_cache': False, 'cmake_clean_first': False, 'cmake_force_configure': False, 'cmake_target': None, 'cmake_target_skip_unavailable': False, 'install_base': '/home/lexij/roselab-perception/install/realsense_bag_recorder_cpp', 'merge_install': False, 'path': '/home/lexij/roselab-perception/ros/src/realsense_bag_recorder_cpp', 'symlink_install': False, 'test_result_base': None}
[0.457s] Level 5:colcon.colcon_core.verb:set package 'gantry_services' build argument 'cmake_args' from command line to 'None'
[0.457s] Level 5:colcon.colcon_core.verb:set package 'gantry_services' build argument 'cmake_target' from command line to 'None'
[0.457s] Level 5:colcon.colcon_core.verb:set package 'gantry_services' build argument 'cmake_target_skip_unavailable' from command line to 'False'
[0.457s] Level 5:colcon.colcon_core.verb:set package 'gantry_services' build argument 'cmake_clean_cache' from command line to 'False'
[0.457s] Level 5:colcon.colcon_core.verb:set package 'gantry_services' build argument 'cmake_clean_first' from command line to 'False'
[0.457s] Level 5:colcon.colcon_core.verb:set package 'gantry_services' build argument 'cmake_force_configure' from command line to 'False'
[0.457s] Level 5:colcon.colcon_core.verb:set package 'gantry_services' build argument 'ament_cmake_args' from command line to 'None'
[0.457s] Level 5:colcon.colcon_core.verb:set package 'gantry_services' build argument 'catkin_cmake_args' from command line to 'None'
[0.457s] Level 5:colcon.colcon_core.verb:set package 'gantry_services' build argument 'catkin_skip_building_tests' from command line to 'False'
[0.457s] DEBUG:colcon.colcon_core.verb:Building package 'gantry_services' with the following arguments: {'ament_cmake_args': None, 'build_base': '/home/lexij/roselab-perception/build/gantry_services', 'catkin_cmake_args': None, 'catkin_skip_building_tests': False, 'cmake_args': None, 'cmake_clean_cache': False, 'cmake_clean_first': False, 'cmake_force_configure': False, 'cmake_target': None, 'cmake_target_skip_unavailable': False, 'install_base': '/home/lexij/roselab-perception/install/gantry_services', 'merge_install': False, 'path': '/home/lexij/roselab-perception/ros/src/gantry_services', 'symlink_install': False, 'test_result_base': None}
[0.457s] Level 5:colcon.colcon_core.verb:set package 'scan_automation' build argument 'cmake_args' from command line to 'None'
[0.457s] Level 5:colcon.colcon_core.verb:set package 'scan_automation' build argument 'cmake_target' from command line to 'None'
[0.457s] Level 5:colcon.colcon_core.verb:set package 'scan_automation' build argument 'cmake_target_skip_unavailable' from command line to 'False'
[0.457s] Level 5:colcon.colcon_core.verb:set package 'scan_automation' build argument 'cmake_clean_cache' from command line to 'False'
[0.457s] Level 5:colcon.colcon_core.verb:set package 'scan_automation' build argument 'cmake_clean_first' from command line to 'False'
[0.457s] Level 5:colcon.colcon_core.verb:set package 'scan_automation' build argument 'cmake_force_configure' from command line to 'False'
[0.457s] Level 5:colcon.colcon_core.verb:set package 'scan_automation' build argument 'ament_cmake_args' from command line to 'None'
[0.457s] Level 5:colcon.colcon_core.verb:set package 'scan_automation' build argument 'catkin_cmake_args' from command line to 'None'
[0.457s] Level 5:colcon.colcon_core.verb:set package 'scan_automation' build argument 'catkin_skip_building_tests' from command line to 'False'
[0.457s] DEBUG:colcon.colcon_core.verb:Building package 'scan_automation' with the following arguments: {'ament_cmake_args': None, 'build_base': '/home/lexij/roselab-perception/build/scan_automation', 'catkin_cmake_args': None, 'catkin_skip_building_tests': False, 'cmake_args': None, 'cmake_clean_cache': False, 'cmake_clean_first': False, 'cmake_force_configure': False, 'cmake_target': None, 'cmake_target_skip_unavailable': False, 'install_base': '/home/lexij/roselab-perception/install/scan_automation', 'merge_install': False, 'path': '/home/lexij/roselab-perception/ros/src/scan_automation', 'symlink_install': False, 'test_result_base': None}
[0.457s] INFO:colcon.colcon_core.executor:Executing jobs using 'parallel' executor
[0.458s] DEBUG:colcon.colcon_parallel_executor.executor.parallel:run_until_complete
[0.458s] INFO:colcon.colcon_ros.task.ament_cmake.build:Building ROS package in '/home/lexij/roselab-perception/ros/src/gantry_lidar_interfaces' with build type 'ament_cmake'
[0.459s] INFO:colcon.colcon_cmake.task.cmake.build:Building CMake package in '/home/lexij/roselab-perception/ros/src/gantry_lidar_interfaces'
[0.460s] INFO:colcon.colcon_core.plugin_system:Skipping extension 'colcon_core.shell.bat': Not used on non-Windows systems
[0.460s] INFO:colcon.colcon_core.shell:Skip shell extension 'powershell' for command environment: Not usable outside of PowerShell
[0.460s] DEBUG:colcon.colcon_core.shell:Skip shell extension 'dsv' for command environment
[0.463s] INFO:colcon.colcon_ros.task.ament_python.build:Building ROS package in '/home/lexij/roselab-perception/ros/src/aggregated_pointcloud' with build type 'ament_python'
[0.463s] Level 1:colcon.colcon_core.shell:create_environment_hook('aggregated_pointcloud', 'ament_prefix_path')
[0.463s] INFO:colcon.colcon_core.shell:Creating environment hook '/home/lexij/roselab-perception/install/aggregated_pointcloud/share/aggregated_pointcloud/hook/ament_prefix_path.ps1'
[0.463s] INFO:colcon.colcon_core.shell:Creating environment descriptor '/home/lexij/roselab-perception/install/aggregated_pointcloud/share/aggregated_pointcloud/hook/ament_prefix_path.dsv'
[0.464s] INFO:colcon.colcon_core.shell:Creating environment hook '/home/lexij/roselab-perception/install/aggregated_pointcloud/share/aggregated_pointcloud/hook/ament_prefix_path.sh'
[0.464s] INFO:colcon.colcon_core.shell:Skip shell extension 'powershell' for command environment: Not usable outside of PowerShell
[0.464s] DEBUG:colcon.colcon_core.shell:Skip shell extension 'dsv' for command environment
[0.466s] INFO:colcon.colcon_ros.task.ament_python.build:Building ROS package in '/home/lexij/roselab-perception/ros/src/mastcam_pointcloud' with build type 'ament_python'
[0.467s] Level 1:colcon.colcon_core.shell:create_environment_hook('mastcam_pointcloud', 'ament_prefix_path')
[0.467s] INFO:colcon.colcon_core.shell:Creating environment hook '/home/lexij/roselab-perception/install/mastcam_pointcloud/share/mastcam_pointcloud/hook/ament_prefix_path.ps1'
[0.467s] INFO:colcon.colcon_core.shell:Creating environment descriptor '/home/lexij/roselab-perception/install/mastcam_pointcloud/share/mastcam_pointcloud/hook/ament_prefix_path.dsv'
[0.467s] INFO:colcon.colcon_core.shell:Creating environment hook '/home/lexij/roselab-perception/install/mastcam_pointcloud/share/mastcam_pointcloud/hook/ament_prefix_path.sh'
[0.468s] INFO:colcon.colcon_core.shell:Skip shell extension 'powershell' for command environment: Not usable outside of PowerShell
[0.468s] DEBUG:colcon.colcon_core.shell:Skip shell extension 'dsv' for command environment
[0.471s] INFO:colcon.colcon_ros.task.ament_cmake.build:Building ROS package in '/home/lexij/roselab-perception/ros/src/realsense_bag_recorder_cpp' with build type 'ament_cmake'
[0.472s] INFO:colcon.colcon_cmake.task.cmake.build:Building CMake package in '/home/lexij/roselab-perception/ros/src/realsense_bag_recorder_cpp'
[0.472s] INFO:colcon.colcon_core.shell:Skip shell extension 'powershell' for command environment: Not usable outside of PowerShell
[0.473s] DEBUG:colcon.colcon_core.shell:Skip shell extension 'dsv' for command environment
[0.479s] DEBUG:colcon.colcon_core.event_handler.log_command:Invoking command in '/home/lexij/roselab-perception/build/gantry_lidar_interfaces': CMAKE_PREFIX_PATH=${CMAKE_PREFIX_PATH}:/home/lexij/roselab-perception/install/scan_automation:/home/lexij/roselab-perception/install/mastcam_pointcloud:/home/lexij/roselab-perception/install/gantry_services:/home/lexij/roselab-perception/install/aggregated_pointcloud:/opt/ros/jazzy /usr/bin/cmake --build /home/lexij/roselab-perception/build/gantry_lidar_interfaces -- -j22 -l22
[0.659s] INFO:colcon.colcon_core.task.python.build:Building Python package in '/home/lexij/roselab-perception/ros/src/aggregated_pointcloud'
[0.659s] INFO:colcon.colcon_core.shell:Skip shell extension 'powershell' for command environment: Not usable outside of PowerShell
[0.659s] DEBUG:colcon.colcon_core.shell:Skip shell extension 'dsv' for command environment
[0.823s] INFO:colcon.colcon_core.task.python.build:Building Python package in '/home/lexij/roselab-perception/ros/src/mastcam_pointcloud'
[0.823s] INFO:colcon.colcon_core.shell:Skip shell extension 'powershell' for command environment: Not usable outside of PowerShell
[0.823s] DEBUG:colcon.colcon_core.shell:Skip shell extension 'dsv' for command environment
[0.830s] DEBUG:colcon.colcon_core.event_handler.log_command:Invoked command in '/home/lexij/roselab-perception/build/gantry_lidar_interfaces' returned '0': CMAKE_PREFIX_PATH=${CMAKE_PREFIX_PATH}:/home/lexij/roselab-perception/install/scan_automation:/home/lexij/roselab-perception/install/mastcam_pointcloud:/home/lexij/roselab-perception/install/gantry_services:/home/lexij/roselab-perception/install/aggregated_pointcloud:/opt/ros/jazzy /usr/bin/cmake --build /home/lexij/roselab-perception/build/gantry_lidar_interfaces -- -j22 -l22
[0.837s] DEBUG:colcon.colcon_core.event_handler.log_command:Invoking command in '/home/lexij/roselab-perception/build/gantry_lidar_interfaces': CMAKE_PREFIX_PATH=${CMAKE_PREFIX_PATH}:/home/lexij/roselab-perception/install/scan_automation:/home/lexij/roselab-perception/install/mastcam_pointcloud:/home/lexij/roselab-perception/install/gantry_services:/home/lexij/roselab-perception/install/aggregated_pointcloud:/opt/ros/jazzy /usr/bin/cmake --install /home/lexij/roselab-perception/build/gantry_lidar_interfaces
[0.842s] DEBUG:colcon.colcon_core.event_handler.log_command:Invoking command in '/home/lexij/roselab-perception/build/realsense_bag_recorder_cpp': CMAKE_PREFIX_PATH=${CMAKE_PREFIX_PATH}:/home/lexij/roselab-perception/install/scan_automation:/home/lexij/roselab-perception/install/mastcam_pointcloud:/home/lexij/roselab-perception/install/gantry_services:/home/lexij/roselab-perception/install/aggregated_pointcloud:/opt/ros/jazzy /usr/bin/cmake --build /home/lexij/roselab-perception/build/realsense_bag_recorder_cpp -- -j22 -l22
[0.891s] Level 1:colcon.colcon_core.environment:create_environment_scripts_only(gantry_lidar_interfaces)
[0.891s] DEBUG:colcon.colcon_core.event_handler.log_command:Invoked command in '/home/lexij/roselab-perception/build/gantry_lidar_interfaces' returned '0': CMAKE_PREFIX_PATH=${CMAKE_PREFIX_PATH}:/home/lexij/roselab-perception/install/scan_automation:/home/lexij/roselab-perception/install/mastcam_pointcloud:/home/lexij/roselab-perception/install/gantry_services:/home/lexij/roselab-perception/install/aggregated_pointcloud:/opt/ros/jazzy /usr/bin/cmake --install /home/lexij/roselab-perception/build/gantry_lidar_interfaces
[0.893s] Level 1:colcon.colcon_core.environment:checking '/home/lexij/roselab-perception/install/gantry_lidar_interfaces' for CMake module files
[0.893s] Level 1:colcon.colcon_core.environment:checking '/home/lexij/roselab-perception/install/gantry_lidar_interfaces' for CMake config files
[0.893s] Level 1:colcon.colcon_core.shell:create_environment_hook('gantry_lidar_interfaces', 'cmake_prefix_path')
[0.893s] INFO:colcon.colcon_core.shell:Creating environment hook '/home/lexij/roselab-perception/install/gantry_lidar_interfaces/share/gantry_lidar_interfaces/hook/cmake_prefix_path.ps1'
[0.894s] INFO:colcon.colcon_core.shell:Creating environment descriptor '/home/lexij/roselab-perception/install/gantry_lidar_interfaces/share/gantry_lidar_interfaces/hook/cmake_prefix_path.dsv'
[0.894s] INFO:colcon.colcon_core.shell:Creating environment hook '/home/lexij/roselab-perception/install/gantry_lidar_interfaces/share/gantry_lidar_interfaces/hook/cmake_prefix_path.sh'
[0.895s] Level 1:colcon.colcon_core.environment:checking '/home/lexij/roselab-perception/install/gantry_lidar_interfaces/lib'
[0.895s] Level 1:colcon.colcon_core.shell:create_environment_hook('gantry_lidar_interfaces', 'ld_library_path_lib')
[0.895s] INFO:colcon.colcon_core.shell:Creating environment hook '/home/lexij/roselab-perception/install/gantry_lidar_interfaces/share/gantry_lidar_interfaces/hook/ld_library_path_lib.ps1'
[0.895s] INFO:colcon.colcon_core.shell:Creating environment descriptor '/home/lexij/roselab-perception/install/gantry_lidar_interfaces/share/gantry_lidar_interfaces/hook/ld_library_path_lib.dsv'
[0.895s] INFO:colcon.colcon_core.shell:Creating environment hook '/home/lexij/roselab-perception/install/gantry_lidar_interfaces/share/gantry_lidar_interfaces/hook/ld_library_path_lib.sh'
[0.896s] Level 1:colcon.colcon_core.environment:checking '/home/lexij/roselab-perception/install/gantry_lidar_interfaces/bin'
[0.896s] Level 1:colcon.colcon_core.environment:checking '/home/lexij/roselab-perception/install/gantry_lidar_interfaces/lib/pkgconfig/gantry_lidar_interfaces.pc'
[0.896s] Level 1:colcon.colcon_core.environment:checking '/home/lexij/roselab-perception/install/gantry_lidar_interfaces/lib/python3.12/site-packages'
[0.896s] Level 1:colcon.colcon_core.shell:create_environment_hook('gantry_lidar_interfaces', 'pythonpath')
[0.896s] INFO:colcon.colcon_core.shell:Creating environment hook '/home/lexij/roselab-perception/install/gantry_lidar_interfaces/share/gantry_lidar_interfaces/hook/pythonpath.ps1'
[0.896s] INFO:colcon.colcon_core.shell:Creating environment descriptor '/home/lexij/roselab-perception/install/gantry_lidar_interfaces/share/gantry_lidar_interfaces/hook/pythonpath.dsv'
[0.897s] INFO:colcon.colcon_core.shell:Creating environment hook '/home/lexij/roselab-perception/install/gantry_lidar_interfaces/share/gantry_lidar_interfaces/hook/pythonpath.sh'
[0.897s] Level 1:colcon.colcon_core.environment:checking '/home/lexij/roselab-perception/install/gantry_lidar_interfaces/bin'
[0.897s] INFO:colcon.colcon_core.shell:Creating package script '/home/lexij/roselab-perception/install/gantry_lidar_interfaces/share/gantry_lidar_interfaces/package.ps1'
[0.898s] INFO:colcon.colcon_core.shell:Creating package descriptor '/home/lexij/roselab-perception/install/gantry_lidar_interfaces/share/gantry_lidar_interfaces/package.dsv'
[0.898s] INFO:colcon.colcon_core.shell:Creating package script '/home/lexij/roselab-perception/install/gantry_lidar_interfaces/share/gantry_lidar_interfaces/package.sh'
[0.899s] INFO:colcon.colcon_core.shell:Creating package script '/home/lexij/roselab-perception/install/gantry_lidar_interfaces/share/gantry_lidar_interfaces/package.bash'
[0.899s] INFO:colcon.colcon_core.shell:Creating package script '/home/lexij/roselab-perception/install/gantry_lidar_interfaces/share/gantry_lidar_interfaces/package.zsh'
[0.900s] Level 1:colcon.colcon_core.environment:create_file_with_runtime_dependencies(/home/lexij/roselab-perception/install/gantry_lidar_interfaces/share/colcon-core/packages/gantry_lidar_interfaces)
[0.900s] Level 1:colcon.colcon_core.environment:create_environment_scripts_only(gantry_lidar_interfaces)
[0.900s] Level 1:colcon.colcon_core.environment:checking '/home/lexij/roselab-perception/install/gantry_lidar_interfaces' for CMake module files
[0.901s] Level 1:colcon.colcon_core.environment:checking '/home/lexij/roselab-perception/install/gantry_lidar_interfaces' for CMake config files
[0.902s] Level 1:colcon.colcon_core.shell:create_environment_hook('gantry_lidar_interfaces', 'cmake_prefix_path')
[0.902s] INFO:colcon.colcon_core.shell:Creating environment hook '/home/lexij/roselab-perception/install/gantry_lidar_interfaces/share/gantry_lidar_interfaces/hook/cmake_prefix_path.ps1'
[0.903s] INFO:colcon.colcon_core.shell:Creating environment descriptor '/home/lexij/roselab-perception/install/gantry_lidar_interfaces/share/gantry_lidar_interfaces/hook/cmake_prefix_path.dsv'
[0.903s] INFO:colcon.colcon_core.shell:Creating environment hook '/home/lexij/roselab-perception/install/gantry_lidar_interfaces/share/gantry_lidar_interfaces/hook/cmake_prefix_path.sh'
[0.903s] Level 1:colcon.colcon_core.environment:checking '/home/lexij/roselab-perception/install/gantry_lidar_interfaces/lib'
[0.903s] Level 1:colcon.colcon_core.shell:create_environment_hook('gantry_lidar_interfaces', 'ld_library_path_lib')
[0.904s] INFO:colcon.colcon_core.shell:Creating environment hook '/home/lexij/roselab-perception/install/gantry_lidar_interfaces/share/gantry_lidar_interfaces/hook/ld_library_path_lib.ps1'
[0.904s] INFO:colcon.colcon_core.shell:Creating environment descriptor '/home/lexij/roselab-perception/install/gantry_lidar_interfaces/share/gantry_lidar_interfaces/hook/ld_library_path_lib.dsv'
[0.904s] INFO:colcon.colcon_core.shell:Creating environment hook '/home/lexij/roselab-perception/install/gantry_lidar_interfaces/share/gantry_lidar_interfaces/hook/ld_library_path_lib.sh'
[0.904s] Level 1:colcon.colcon_core.environment:checking '/home/lexij/roselab-perception/install/gantry_lidar_interfaces/bin'
[0.905s] Level 1:colcon.colcon_core.environment:checking '/home/lexij/roselab-perception/install/gantry_lidar_interfaces/lib/pkgconfig/gantry_lidar_interfaces.pc'
[0.905s] Level 1:colcon.colcon_core.environment:checking '/home/lexij/roselab-perception/install/gantry_lidar_interfaces/lib/python3.12/site-packages'
[0.905s] Level 1:colcon.colcon_core.shell:create_environment_hook('gantry_lidar_interfaces', 'pythonpath')
[0.905s] INFO:colcon.colcon_core.shell:Creating environment hook '/home/lexij/roselab-perception/install/gantry_lidar_interfaces/share/gantry_lidar_interfaces/hook/pythonpath.ps1'
[0.905s] INFO:colcon.colcon_core.shell:Creating environment descriptor '/home/lexij/roselab-perception/install/gantry_lidar_interfaces/share/gantry_lidar_interfaces/hook/pythonpath.dsv'
[0.905s] INFO:colcon.colcon_core.shell:Creating environment hook '/home/lexij/roselab-perception/install/gantry_lidar_interfaces/share/gantry_lidar_interfaces/hook/pythonpath.sh'
[0.906s] Level 1:colcon.colcon_core.environment:checking '/home/lexij/roselab-perception/install/gantry_lidar_interfaces/bin'
[0.906s] INFO:colcon.colcon_core.shell:Creating package script '/home/lexij/roselab-perception/install/gantry_lidar_interfaces/share/gantry_lidar_interfaces/package.ps1'
[0.907s] INFO:colcon.colcon_core.shell:Creating package descriptor '/home/lexij/roselab-perception/install/gantry_lidar_interfaces/share/gantry_lidar_interfaces/package.dsv'
[0.907s] INFO:colcon.colcon_core.shell:Creating package script '/home/lexij/roselab-perception/install/gantry_lidar_interfaces/share/gantry_lidar_interfaces/package.sh'
[0.907s] INFO:colcon.colcon_core.shell:Creating package script '/home/lexij/roselab-perception/install/gantry_lidar_interfaces/share/gantry_lidar_interfaces/package.bash'
[0.908s] INFO:colcon.colcon_core.shell:Creating package script '/home/lexij/roselab-perception/install/gantry_lidar_interfaces/share/gantry_lidar_interfaces/package.zsh'
[0.909s] Level 1:colcon.colcon_core.environment:create_file_with_runtime_dependencies(/home/lexij/roselab-perception/install/gantry_lidar_interfaces/share/colcon-core/packages/gantry_lidar_interfaces)
[0.909s] INFO:colcon.colcon_ros.task.ament_python.build:Building ROS package in '/home/lexij/roselab-perception/ros/src/gantry_services' with build type 'ament_python'
[0.910s] Level 1:colcon.colcon_core.shell:create_environment_hook('gantry_services', 'ament_prefix_path')
[0.910s] INFO:colcon.colcon_core.shell:Creating environment hook '/home/lexij/roselab-perception/install/gantry_services/share/gantry_services/hook/ament_prefix_path.ps1'
[0.911s] INFO:colcon.colcon_core.shell:Creating environment descriptor '/home/lexij/roselab-perception/install/gantry_services/share/gantry_services/hook/ament_prefix_path.dsv'
[0.911s] INFO:colcon.colcon_core.shell:Creating environment hook '/home/lexij/roselab-perception/install/gantry_services/share/gantry_services/hook/ament_prefix_path.sh'
[0.912s] INFO:colcon.colcon_core.shell:Skip shell extension 'powershell' for command environment: Not usable outside of PowerShell
[0.912s] DEBUG:colcon.colcon_core.shell:Skip shell extension 'dsv' for command environment
[0.916s] INFO:colcon.colcon_ros.task.ament_python.build:Building ROS package in '/home/lexij/roselab-perception/ros/src/scan_automation' with build type 'ament_python'
[0.916s] Level 1:colcon.colcon_core.shell:create_environment_hook('scan_automation', 'ament_prefix_path')
[0.917s] INFO:colcon.colcon_core.shell:Creating environment hook '/home/lexij/roselab-perception/install/scan_automation/share/scan_automation/hook/ament_prefix_path.ps1'
[0.918s] INFO:colcon.colcon_core.shell:Creating environment descriptor '/home/lexij/roselab-perception/install/scan_automation/share/scan_automation/hook/ament_prefix_path.dsv'
[0.918s] INFO:colcon.colcon_core.shell:Creating environment hook '/home/lexij/roselab-perception/install/scan_automation/share/scan_automation/hook/ament_prefix_path.sh'
[0.919s] INFO:colcon.colcon_core.shell:Skip shell extension 'powershell' for command environment: Not usable outside of PowerShell
[0.919s] DEBUG:colcon.colcon_core.shell:Skip shell extension 'dsv' for command environment
[1.242s] INFO:colcon.colcon_core.task.python.build:Building Python package in '/home/lexij/roselab-perception/ros/src/gantry_services'
[1.243s] INFO:colcon.colcon_core.shell:Skip shell extension 'powershell' for command environment: Not usable outside of PowerShell
[1.243s] DEBUG:colcon.colcon_core.shell:Skip shell extension 'dsv' for command environment
[1.410s] INFO:colcon.colcon_core.task.python.build:Building Python package in '/home/lexij/roselab-perception/ros/src/scan_automation'
[1.411s] INFO:colcon.colcon_core.shell:Skip shell extension 'powershell' for command environment: Not usable outside of PowerShell
[1.411s] DEBUG:colcon.colcon_core.shell:Skip shell extension 'dsv' for command environment
[1.415s] DEBUG:colcon.colcon_core.event_handler.log_command:Invoked command in '/home/lexij/roselab-perception/build/realsense_bag_recorder_cpp' returned '0': CMAKE_PREFIX_PATH=${CMAKE_PREFIX_PATH}:/home/lexij/roselab-perception/install/scan_automation:/home/lexij/roselab-perception/install/mastcam_pointcloud:/home/lexij/roselab-perception/install/gantry_services:/home/lexij/roselab-perception/install/aggregated_pointcloud:/opt/ros/jazzy /usr/bin/cmake --build /home/lexij/roselab-perception/build/realsense_bag_recorder_cpp -- -j22 -l22
[1.416s] DEBUG:colcon.colcon_core.event_handler.log_command:Invoking command in '/home/lexij/roselab-perception/build/realsense_bag_recorder_cpp': CMAKE_PREFIX_PATH=${CMAKE_PREFIX_PATH}:/home/lexij/roselab-perception/install/scan_automation:/home/lexij/roselab-perception/install/mastcam_pointcloud:/home/lexij/roselab-perception/install/gantry_services:/home/lexij/roselab-perception/install/aggregated_pointcloud:/opt/ros/jazzy /usr/bin/cmake --install /home/lexij/roselab-perception/build/realsense_bag_recorder_cpp
[1.419s] DEBUG:colcon.colcon_core.event_handler.log_command:Invoking command in '/home/lexij/roselab-perception/ros/src/mastcam_pointcloud': PYTHONPATH=/home/lexij/roselab-perception/build/mastcam_pointcloud/prefix_override:/usr/lib/python3/dist-packages/colcon_core/task/python/colcon_distutils_commands:/home/lexij/roselab-perception/install/mastcam_pointcloud/lib/python3.12/site-packages:${PYTHONPATH} /usr/bin/python3 -W ignore:setup.py install is deprecated -W ignore:easy_install command is deprecated setup.py egg_info --egg-base ../../../build/mastcam_pointcloud build --build-base /home/lexij/roselab-perception/build/mastcam_pointcloud/build install --record /home/lexij/roselab-perception/build/mastcam_pointcloud/install.log --single-version-externally-managed install_data
[1.421s] DEBUG:colcon.colcon_core.event_handler.log_command:Invoking command in '/home/lexij/roselab-perception/ros/src/aggregated_pointcloud': PYTHONPATH=/home/lexij/roselab-perception/build/aggregated_pointcloud/prefix_override:/usr/lib/python3/dist-packages/colcon_core/task/python/colcon_distutils_commands:/home/lexij/roselab-perception/install/aggregated_pointcloud/lib/python3.12/site-packages:${PYTHONPATH} /usr/bin/python3 -W ignore:setup.py install is deprecated -W ignore:easy_install command is deprecated setup.py egg_info --egg-base ../../../build/aggregated_pointcloud build --build-base /home/lexij/roselab-perception/build/aggregated_pointcloud/build install --record /home/lexij/roselab-perception/build/aggregated_pointcloud/install.log --single-version-externally-managed install_data
[1.463s] Level 1:colcon.colcon_core.environment:create_environment_scripts_only(realsense_bag_recorder_cpp)
[1.463s] Level 1:colcon.colcon_core.environment:checking '/home/lexij/roselab-perception/install/realsense_bag_recorder_cpp' for CMake module files
[1.464s] DEBUG:colcon.colcon_core.event_handler.log_command:Invoked command in '/home/lexij/roselab-perception/build/realsense_bag_recorder_cpp' returned '0': CMAKE_PREFIX_PATH=${CMAKE_PREFIX_PATH}:/home/lexij/roselab-perception/install/scan_automation:/home/lexij/roselab-perception/install/mastcam_pointcloud:/home/lexij/roselab-perception/install/gantry_services:/home/lexij/roselab-perception/install/aggregated_pointcloud:/opt/ros/jazzy /usr/bin/cmake --install /home/lexij/roselab-perception/build/realsense_bag_recorder_cpp
[1.464s] Level 1:colcon.colcon_core.environment:checking '/home/lexij/roselab-perception/install/realsense_bag_recorder_cpp' for CMake config files
[1.465s] Level 1:colcon.colcon_core.shell:create_environment_hook('realsense_bag_recorder_cpp', 'cmake_prefix_path')
[1.465s] INFO:colcon.colcon_core.shell:Creating environment hook '/home/lexij/roselab-perception/install/realsense_bag_recorder_cpp/share/realsense_bag_recorder_cpp/hook/cmake_prefix_path.ps1'
[1.465s] INFO:colcon.colcon_core.shell:Creating environment descriptor '/home/lexij/roselab-perception/install/realsense_bag_recorder_cpp/share/realsense_bag_recorder_cpp/hook/cmake_prefix_path.dsv'
[1.466s] INFO:colcon.colcon_core.shell:Creating environment hook '/home/lexij/roselab-perception/install/realsense_bag_recorder_cpp/share/realsense_bag_recorder_cpp/hook/cmake_prefix_path.sh'
[1.466s] Level 1:colcon.colcon_core.environment:checking '/home/lexij/roselab-perception/install/realsense_bag_recorder_cpp/lib'
[1.466s] Level 1:colcon.colcon_core.shell:create_environment_hook('realsense_bag_recorder_cpp', 'ld_library_path_lib')
[1.467s] INFO:colcon.colcon_core.shell:Creating environment hook '/home/lexij/roselab-perception/install/realsense_bag_recorder_cpp/share/realsense_bag_recorder_cpp/hook/ld_library_path_lib.ps1'
[1.467s] INFO:colcon.colcon_core.shell:Creating environment descriptor '/home/lexij/roselab-perception/install/realsense_bag_recorder_cpp/share/realsense_bag_recorder_cpp/hook/ld_library_path_lib.dsv'
[1.467s] INFO:colcon.colcon_core.shell:Creating environment hook '/home/lexij/roselab-perception/install/realsense_bag_recorder_cpp/share/realsense_bag_recorder_cpp/hook/ld_library_path_lib.sh'
[1.468s] Level 1:colcon.colcon_core.environment:checking '/home/lexij/roselab-perception/install/realsense_bag_recorder_cpp/bin'
[1.468s] Level 1:colcon.colcon_core.environment:checking '/home/lexij/roselab-perception/install/realsense_bag_recorder_cpp/lib/pkgconfig/realsense_bag_recorder_cpp.pc'
[1.468s] Level 1:colcon.colcon_core.environment:checking '/home/lexij/roselab-perception/install/realsense_bag_recorder_cpp/lib/python3.12/site-packages'
[1.468s] Level 1:colcon.colcon_core.shell:create_environment_hook('realsense_bag_recorder_cpp', 'pythonpath')
[1.469s] INFO:colcon.colcon_core.shell:Creating environment hook '/home/lexij/roselab-perception/install/realsense_bag_recorder_cpp/share/realsense_bag_recorder_cpp/hook/pythonpath.ps1'
[1.469s] INFO:colcon.colcon_core.shell:Creating environment descriptor '/home/lexij/roselab-perception/install/realsense_bag_recorder_cpp/share/realsense_bag_recorder_cpp/hook/pythonpath.dsv'
[1.469s] INFO:colcon.colcon_core.shell:Creating environment hook '/home/lexij/roselab-perception/install/realsense_bag_recorder_cpp/share/realsense_bag_recorder_cpp/hook/pythonpath.sh'
[1.470s] Level 1:colcon.colcon_core.environment:checking '/home/lexij/roselab-perception/install/realsense_bag_recorder_cpp/bin'
[1.470s] INFO:colcon.colcon_core.shell:Creating package script '/home/lexij/roselab-perception/install/realsense_bag_recorder_cpp/share/realsense_bag_recorder_cpp/package.ps1'
[1.471s] INFO:colcon.colcon_core.shell:Creating package descriptor '/home/lexij/roselab-perception/install/realsense_bag_recorder_cpp/share/realsense_bag_recorder_cpp/package.dsv'
[1.471s] INFO:colcon.colcon_core.shell:Creating package script '/home/lexij/roselab-perception/install/realsense_bag_recorder_cpp/share/realsense_bag_recorder_cpp/package.sh'
[1.472s] INFO:colcon.colcon_core.shell:Creating package script '/home/lexij/roselab-perception/install/realsense_bag_recorder_cpp/share/realsense_bag_recorder_cpp/package.bash'
[1.472s] INFO:colcon.colcon_core.shell:Creating package script '/home/lexij/roselab-perception/install/realsense_bag_recorder_cpp/share/realsense_bag_recorder_cpp/package.zsh'
[1.473s] Level 1:colcon.colcon_core.environment:create_file_with_runtime_dependencies(/home/lexij/roselab-perception/install/realsense_bag_recorder_cpp/share/colcon-core/packages/realsense_bag_recorder_cpp)
[1.473s] Level 1:colcon.colcon_core.environment:create_environment_scripts_only(realsense_bag_recorder_cpp)
[1.474s] Level 1:colcon.colcon_core.environment:checking '/home/lexij/roselab-perception/install/realsense_bag_recorder_cpp' for CMake module files
[1.474s] Level 1:colcon.colcon_core.environment:checking '/home/lexij/roselab-perception/install/realsense_bag_recorder_cpp' for CMake config files
[1.475s] Level 1:colcon.colcon_core.shell:create_environment_hook('realsense_bag_recorder_cpp', 'cmake_prefix_path')
[1.475s] INFO:colcon.colcon_core.shell:Creating environment hook '/home/lexij/roselab-perception/install/realsense_bag_recorder_cpp/share/realsense_bag_recorder_cpp/hook/cmake_prefix_path.ps1'
[1.475s] INFO:colcon.colcon_core.shell:Creating environment descriptor '/home/lexij/roselab-perception/install/realsense_bag_recorder_cpp/share/realsense_bag_recorder_cpp/hook/cmake_prefix_path.dsv'
[1.476s] INFO:colcon.colcon_core.shell:Creating environment hook '/home/lexij/roselab-perception/install/realsense_bag_recorder_cpp/share/realsense_bag_recorder_cpp/hook/cmake_prefix_path.sh'
[1.477s] Level 1:colcon.colcon_core.environment:checking '/home/lexij/roselab-perception/install/realsense_bag_recorder_cpp/lib'
[1.477s] Level 1:colcon.colcon_core.shell:create_environment_hook('realsense_bag_recorder_cpp', 'ld_library_path_lib')
[1.477s] INFO:colcon.colcon_core.shell:Creating environment hook '/home/lexij/roselab-perception/install/realsense_bag_recorder_cpp/share/realsense_bag_recorder_cpp/hook/ld_library_path_lib.ps1'
[1.478s] INFO:colcon.colcon_core.shell:Creating environment descriptor '/home/lexij/roselab-perception/install/realsense_bag_recorder_cpp/share/realsense_bag_recorder_cpp/hook/ld_library_path_lib.dsv'
[1.478s] INFO:colcon.colcon_core.shell:Creating environment hook '/home/lexij/roselab-perception/install/realsense_bag_recorder_cpp/share/realsense_bag_recorder_cpp/hook/ld_library_path_lib.sh'
[1.479s] Level 1:colcon.colcon_core.environment:checking '/home/lexij/roselab-perception/install/realsense_bag_recorder_cpp/bin'
[1.479s] Level 1:colcon.colcon_core.environment:checking '/home/lexij/roselab-perception/install/realsense_bag_recorder_cpp/lib/pkgconfig/realsense_bag_recorder_cpp.pc'
[1.479s] Level 1:colcon.colcon_core.environment:checking '/home/lexij/roselab-perception/install/realsense_bag_recorder_cpp/lib/python3.12/site-packages'
[1.479s] Level 1:colcon.colcon_core.shell:create_environment_hook('realsense_bag_recorder_cpp', 'pythonpath')
[1.480s] INFO:colcon.colcon_core.shell:Creating environment hook '/home/lexij/roselab-perception/install/realsense_bag_recorder_cpp/share/realsense_bag_recorder_cpp/hook/pythonpath.ps1'
[1.480s] INFO:colcon.colcon_core.shell:Creating environment descriptor '/home/lexij/roselab-perception/install/realsense_bag_recorder_cpp/share/realsense_bag_recorder_cpp/hook/pythonpath.dsv'
[1.480s] INFO:colcon.colcon_core.shell:Creating environment hook '/home/lexij/roselab-perception/install/realsense_bag_recorder_cpp/share/realsense_bag_recorder_cpp/hook/pythonpath.sh'
[1.481s] Level 1:colcon.colcon_core.environment:checking '/home/lexij/roselab-perception/install/realsense_bag_recorder_cpp/bin'
[1.482s] INFO:colcon.colcon_core.shell:Creating package script '/home/lexij/roselab-perception/install/realsense_bag_recorder_cpp/share/realsense_bag_recorder_cpp/package.ps1'
[1.482s] INFO:colcon.colcon_core.shell:Creating package descriptor '/home/lexij/roselab-perception/install/realsense_bag_recorder_cpp/share/realsense_bag_recorder_cpp/package.dsv'
[1.483s] INFO:colcon.colcon_core.shell:Creating package script '/home/lexij/roselab-perception/install/realsense_bag_recorder_cpp/share/realsense_bag_recorder_cpp/package.sh'
[1.483s] INFO:colcon.colcon_core.shell:Creating package script '/home/lexij/roselab-perception/install/realsense_bag_recorder_cpp/share/realsense_bag_recorder_cpp/package.bash'
[1.484s] INFO:colcon.colcon_core.shell:Creating package script '/home/lexij/roselab-perception/install/realsense_bag_recorder_cpp/share/realsense_bag_recorder_cpp/package.zsh'
[1.485s] Level 1:colcon.colcon_core.environment:create_file_with_runtime_dependencies(/home/lexij/roselab-perception/install/realsense_bag_recorder_cpp/share/colcon-core/packages/realsense_bag_recorder_cpp)
[1.861s] Level 1:colcon.colcon_core.environment:checking '/home/lexij/roselab-perception/install/mastcam_pointcloud' for CMake module files
[1.862s] DEBUG:colcon.colcon_core.event_handler.log_command:Invoked command in '/home/lexij/roselab-perception/ros/src/mastcam_pointcloud' returned '0': PYTHONPATH=/home/lexij/roselab-perception/build/mastcam_pointcloud/prefix_override:/usr/lib/python3/dist-packages/colcon_core/task/python/colcon_distutils_commands:/home/lexij/roselab-perception/install/mastcam_pointcloud/lib/python3.12/site-packages:${PYTHONPATH} /usr/bin/python3 -W ignore:setup.py install is deprecated -W ignore:easy_install command is deprecated setup.py egg_info --egg-base ../../../build/mastcam_pointcloud build --build-base /home/lexij/roselab-perception/build/mastcam_pointcloud/build install --record /home/lexij/roselab-perception/build/mastcam_pointcloud/install.log --single-version-externally-managed install_data
[1.862s] Level 1:colcon.colcon_core.environment:checking '/home/lexij/roselab-perception/install/mastcam_pointcloud' for CMake config files
[1.863s] Level 1:colcon.colcon_core.environment:checking '/home/lexij/roselab-perception/install/mastcam_pointcloud/lib'
[1.863s] Level 1:colcon.colcon_core.environment:checking '/home/lexij/roselab-perception/install/mastcam_pointcloud/bin'
[1.863s] Level 1:colcon.colcon_core.environment:checking '/home/lexij/roselab-perception/install/mastcam_pointcloud/lib/pkgconfig/mastcam_pointcloud.pc'
[1.863s] Level 1:colcon.colcon_core.environment:checking '/home/lexij/roselab-perception/install/mastcam_pointcloud/lib/python3.12/site-packages'
[1.863s] Level 1:colcon.colcon_core.shell:create_environment_hook('mastcam_pointcloud', 'pythonpath')
[1.863s] INFO:colcon.colcon_core.shell:Creating environment hook '/home/lexij/roselab-perception/install/mastcam_pointcloud/share/mastcam_pointcloud/hook/pythonpath.ps1'
[1.864s] INFO:colcon.colcon_core.shell:Creating environment descriptor '/home/lexij/roselab-perception/install/mastcam_pointcloud/share/mastcam_pointcloud/hook/pythonpath.dsv'
[1.864s] INFO:colcon.colcon_core.shell:Creating environment hook '/home/lexij/roselab-perception/install/mastcam_pointcloud/share/mastcam_pointcloud/hook/pythonpath.sh'
[1.864s] Level 1:colcon.colcon_core.environment:checking '/home/lexij/roselab-perception/install/mastcam_pointcloud/bin'
[1.864s] Level 1:colcon.colcon_core.environment:create_environment_scripts_only(mastcam_pointcloud)
[1.864s] INFO:colcon.colcon_core.shell:Creating package script '/home/lexij/roselab-perception/install/mastcam_pointcloud/share/mastcam_pointcloud/package.ps1'
[1.865s] INFO:colcon.colcon_core.shell:Creating package descriptor '/home/lexij/roselab-perception/install/mastcam_pointcloud/share/mastcam_pointcloud/package.dsv'
[1.865s] INFO:colcon.colcon_core.shell:Creating package script '/home/lexij/roselab-perception/install/mastcam_pointcloud/share/mastcam_pointcloud/package.sh'
[1.865s] INFO:colcon.colcon_core.shell:Creating package script '/home/lexij/roselab-perception/install/mastcam_pointcloud/share/mastcam_pointcloud/package.bash'
[1.866s] INFO:colcon.colcon_core.shell:Creating package script '/home/lexij/roselab-perception/install/mastcam_pointcloud/share/mastcam_pointcloud/package.zsh'
[1.867s] Level 1:colcon.colcon_core.environment:create_file_with_runtime_dependencies(/home/lexij/roselab-perception/install/mastcam_pointcloud/share/colcon-core/packages/mastcam_pointcloud)
[1.899s] Level 1:colcon.colcon_core.environment:checking '/home/lexij/roselab-perception/install/aggregated_pointcloud' for CMake module files
[1.900s] DEBUG:colcon.colcon_core.event_handler.log_command:Invoked command in '/home/lexij/roselab-perception/ros/src/aggregated_pointcloud' returned '0': PYTHONPATH=/home/lexij/roselab-perception/build/aggregated_pointcloud/prefix_override:/usr/lib/python3/dist-packages/colcon_core/task/python/colcon_distutils_commands:/home/lexij/roselab-perception/install/aggregated_pointcloud/lib/python3.12/site-packages:${PYTHONPATH} /usr/bin/python3 -W ignore:setup.py install is deprecated -W ignore:easy_install command is deprecated setup.py egg_info --egg-base ../../../build/aggregated_pointcloud build --build-base /home/lexij/roselab-perception/build/aggregated_pointcloud/build install --record /home/lexij/roselab-perception/build/aggregated_pointcloud/install.log --single-version-externally-managed install_data
[1.901s] Level 1:colcon.colcon_core.environment:checking '/home/lexij/roselab-perception/install/aggregated_pointcloud' for CMake config files
[1.901s] Level 1:colcon.colcon_core.environment:checking '/home/lexij/roselab-perception/install/aggregated_pointcloud/lib'
[1.901s] Level 1:colcon.colcon_core.environment:checking '/home/lexij/roselab-perception/install/aggregated_pointcloud/bin'
[1.901s] Level 1:colcon.colcon_core.environment:checking '/home/lexij/roselab-perception/install/aggregated_pointcloud/lib/pkgconfig/aggregated_pointcloud.pc'
[1.902s] Level 1:colcon.colcon_core.environment:checking '/home/lexij/roselab-perception/install/aggregated_pointcloud/lib/python3.12/site-packages'
[1.902s] Level 1:colcon.colcon_core.shell:create_environment_hook('aggregated_pointcloud', 'pythonpath')
[1.902s] INFO:colcon.colcon_core.shell:Creating environment hook '/home/lexij/roselab-perception/install/aggregated_pointcloud/share/aggregated_pointcloud/hook/pythonpath.ps1'
[1.903s] INFO:colcon.colcon_core.shell:Creating environment descriptor '/home/lexij/roselab-perception/install/aggregated_pointcloud/share/aggregated_pointcloud/hook/pythonpath.dsv'
[1.903s] INFO:colcon.colcon_core.shell:Creating environment hook '/home/lexij/roselab-perception/install/aggregated_pointcloud/share/aggregated_pointcloud/hook/pythonpath.sh'
[1.904s] Level 1:colcon.colcon_core.environment:checking '/home/lexij/roselab-perception/install/aggregated_pointcloud/bin'
[1.904s] Level 1:colcon.colcon_core.environment:create_environment_scripts_only(aggregated_pointcloud)
[1.904s] INFO:colcon.colcon_core.shell:Creating package script '/home/lexij/roselab-perception/install/aggregated_pointcloud/share/aggregated_pointcloud/package.ps1'
[1.905s] INFO:colcon.colcon_core.shell:Creating package descriptor '/home/lexij/roselab-perception/install/aggregated_pointcloud/share/aggregated_pointcloud/package.dsv'
[1.905s] INFO:colcon.colcon_core.shell:Creating package script '/home/lexij/roselab-perception/install/aggregated_pointcloud/share/aggregated_pointcloud/package.sh'
[1.905s] INFO:colcon.colcon_core.shell:Creating package script '/home/lexij/roselab-perception/install/aggregated_pointcloud/share/aggregated_pointcloud/package.bash'
[1.906s] INFO:colcon.colcon_core.shell:Creating package script '/home/lexij/roselab-perception/install/aggregated_pointcloud/share/aggregated_pointcloud/package.zsh'
[1.906s] Level 1:colcon.colcon_core.environment:create_file_with_runtime_dependencies(/home/lexij/roselab-perception/install/aggregated_pointcloud/share/colcon-core/packages/aggregated_pointcloud)
[1.910s] DEBUG:colcon.colcon_core.event_handler.log_command:Invoking command in '/home/lexij/roselab-perception/ros/src/gantry_services': CMAKE_PREFIX_PATH=/home/lexij/roselab-perception/install/gantry_lidar_interfaces:/home/lexij/roselab-perception/install/realsense_bag_recorder_cpp:/opt/ros/jazzy/opt/sdformat_vendor:/opt/ros/jazzy/opt/gz_math_vendor:/opt/ros/jazzy/opt/gz_utils_vendor:/opt/ros/jazzy/opt/gz_tools_vendor:/opt/ros/jazzy/opt/gz_cmake_vendor LD_LIBRARY_PATH=/home/lexij/roselab-perception/install/gantry_lidar_interfaces/lib:/home/lexij/roselab-perception/install/realsense_bag_recorder_cpp/lib:/opt/ros/jazzy/opt/sdformat_vendor/lib:/opt/ros/jazzy/opt/rviz_ogre_vendor/lib:/opt/ros/jazzy/lib/x86_64-linux-gnu:/opt/ros/jazzy/opt/gz_math_vendor/lib:/opt/ros/jazzy/opt/gz_utils_vendor/lib:/opt/ros/jazzy/opt/gz_tools_vendor/lib:/opt/ros/jazzy/opt/gz_cmake_vendor/lib:/opt/ros/jazzy/lib PYTHONPATH=/home/lexij/roselab-perception/build/gantry_services/prefix_override:/usr/lib/python3/dist-packages/colcon_core/task/python/colcon_distutils_commands:/home/lexij/roselab-perception/install/gantry_services/lib/python3.12/site-packages:/home/lexij/roselab-perception/install/gantry_lidar_interfaces/lib/python3.12/site-packages:/home/lexij/roselab-perception/install/scan_automation/lib/python3.12/site-packages:/home/lexij/roselab-perception/install/realsense_bag_recorder_cpp/lib/python3.12/site-packages:/home/lexij/roselab-perception/install/mastcam_pointcloud/lib/python3.12/site-packages:/home/lexij/roselab-perception/install/gantry_services/lib/python3.12/site-packages:/home/lexij/roselab-perception/install/aggregated_pointcloud/lib/python3.12/site-packages:/opt/ros/jazzy/lib/python3.12/site-packages /usr/bin/python3 -W ignore:setup.py install is deprecated -W ignore:easy_install command is deprecated setup.py egg_info --egg-base ../../../build/gantry_services build --build-base /home/lexij/roselab-perception/build/gantry_services/build install --record /home/lexij/roselab-perception/build/gantry_services/install.log --single-version-externally-managed install_data
[2.062s] DEBUG:colcon.colcon_core.event_handler.log_command:Invoking command in '/home/lexij/roselab-perception/ros/src/scan_automation': CMAKE_PREFIX_PATH=/home/lexij/roselab-perception/install/gantry_lidar_interfaces:/home/lexij/roselab-perception/install/realsense_bag_recorder_cpp:/opt/ros/jazzy/opt/sdformat_vendor:/opt/ros/jazzy/opt/gz_math_vendor:/opt/ros/jazzy/opt/gz_utils_vendor:/opt/ros/jazzy/opt/gz_tools_vendor:/opt/ros/jazzy/opt/gz_cmake_vendor LD_LIBRARY_PATH=/home/lexij/roselab-perception/install/gantry_lidar_interfaces/lib:/home/lexij/roselab-perception/install/realsense_bag_recorder_cpp/lib:/opt/ros/jazzy/opt/sdformat_vendor/lib:/opt/ros/jazzy/opt/rviz_ogre_vendor/lib:/opt/ros/jazzy/lib/x86_64-linux-gnu:/opt/ros/jazzy/opt/gz_math_vendor/lib:/opt/ros/jazzy/opt/gz_utils_vendor/lib:/opt/ros/jazzy/opt/gz_tools_vendor/lib:/opt/ros/jazzy/opt/gz_cmake_vendor/lib:/opt/ros/jazzy/lib PYTHONPATH=/home/lexij/roselab-perception/build/scan_automation/prefix_override:/usr/lib/python3/dist-packages/colcon_core/task/python/colcon_distutils_commands:/home/lexij/roselab-perception/install/scan_automation/lib/python3.12/site-packages:/home/lexij/roselab-perception/install/gantry_lidar_interfaces/lib/python3.12/site-packages:/home/lexij/roselab-perception/install/scan_automation/lib/python3.12/site-packages:/home/lexij/roselab-perception/install/realsense_bag_recorder_cpp/lib/python3.12/site-packages:/home/lexij/roselab-perception/install/mastcam_pointcloud/lib/python3.12/site-packages:/home/lexij/roselab-perception/install/gantry_services/lib/python3.12/site-packages:/home/lexij/roselab-perception/install/aggregated_pointcloud/lib/python3.12/site-packages:/opt/ros/jazzy/lib/python3.12/site-packages /usr/bin/python3 -W ignore:setup.py install is deprecated -W ignore:easy_install command is deprecated setup.py egg_info --egg-base ../../../build/scan_automation build --build-base /home/lexij/roselab-perception/build/scan_automation/build install --record /home/lexij/roselab-perception/build/scan_automation/install.log --single-version-externally-managed install_data
[2.405s] Level 1:colcon.colcon_core.environment:checking '/home/lexij/roselab-perception/install/gantry_services' for CMake module files
[2.406s] DEBUG:colcon.colcon_core.event_handler.log_command:Invoked command in '/home/lexij/roselab-perception/ros/src/gantry_services' returned '0': CMAKE_PREFIX_PATH=/home/lexij/roselab-perception/install/gantry_lidar_interfaces:/home/lexij/roselab-perception/install/realsense_bag_recorder_cpp:/opt/ros/jazzy/opt/sdformat_vendor:/opt/ros/jazzy/opt/gz_math_vendor:/opt/ros/jazzy/opt/gz_utils_vendor:/opt/ros/jazzy/opt/gz_tools_vendor:/opt/ros/jazzy/opt/gz_cmake_vendor LD_LIBRARY_PATH=/home/lexij/roselab-perception/install/gantry_lidar_interfaces/lib:/home/lexij/roselab-perception/install/realsense_bag_recorder_cpp/lib:/opt/ros/jazzy/opt/sdformat_vendor/lib:/opt/ros/jazzy/opt/rviz_ogre_vendor/lib:/opt/ros/jazzy/lib/x86_64-linux-gnu:/opt/ros/jazzy/opt/gz_math_vendor/lib:/opt/ros/jazzy/opt/gz_utils_vendor/lib:/opt/ros/jazzy/opt/gz_tools_vendor/lib:/opt/ros/jazzy/opt/gz_cmake_vendor/lib:/opt/ros/jazzy/lib PYTHONPATH=/home/lexij/roselab-perception/build/gantry_services/prefix_override:/usr/lib/python3/dist-packages/colcon_core/task/python/colcon_distutils_commands:/home/lexij/roselab-perception/install/gantry_services/lib/python3.12/site-packages:/home/lexij/roselab-perception/install/gantry_lidar_interfaces/lib/python3.12/site-packages:/home/lexij/roselab-perception/install/scan_automation/lib/python3.12/site-packages:/home/lexij/roselab-perception/install/realsense_bag_recorder_cpp/lib/python3.12/site-packages:/home/lexij/roselab-perception/install/mastcam_pointcloud/lib/python3.12/site-packages:/home/lexij/roselab-perception/install/gantry_services/lib/python3.12/site-packages:/home/lexij/roselab-perception/install/aggregated_pointcloud/lib/python3.12/site-packages:/opt/ros/jazzy/lib/python3.12/site-packages /usr/bin/python3 -W ignore:setup.py install is deprecated -W ignore:easy_install command is deprecated setup.py egg_info --egg-base ../../../build/gantry_services build --build-base /home/lexij/roselab-perception/build/gantry_services/build install --record /home/lexij/roselab-perception/build/gantry_services/install.log --single-version-externally-managed install_data
[2.406s] Level 1:colcon.colcon_core.environment:checking '/home/lexij/roselab-perception/install/gantry_services' for CMake config files
[2.406s] Level 1:colcon.colcon_core.environment:checking '/home/lexij/roselab-perception/install/gantry_services/lib'
[2.406s] Level 1:colcon.colcon_core.environment:checking '/home/lexij/roselab-perception/install/gantry_services/bin'
[2.406s] Level 1:colcon.colcon_core.environment:checking '/home/lexij/roselab-perception/install/gantry_services/lib/pkgconfig/gantry_services.pc'
[2.406s] Level 1:colcon.colcon_core.environment:checking '/home/lexij/roselab-perception/install/gantry_services/lib/python3.12/site-packages'
[2.407s] Level 1:colcon.colcon_core.shell:create_environment_hook('gantry_services', 'pythonpath')
[2.407s] INFO:colcon.colcon_core.shell:Creating environment hook '/home/lexij/roselab-perception/install/gantry_services/share/gantry_services/hook/pythonpath.ps1'
[2.407s] INFO:colcon.colcon_core.shell:Creating environment descriptor '/home/lexij/roselab-perception/install/gantry_services/share/gantry_services/hook/pythonpath.dsv'
[2.407s] INFO:colcon.colcon_core.shell:Creating environment hook '/home/lexij/roselab-perception/install/gantry_services/share/gantry_services/hook/pythonpath.sh'
[2.408s] Level 1:colcon.colcon_core.environment:checking '/home/lexij/roselab-perception/install/gantry_services/bin'
[2.408s] Level 1:colcon.colcon_core.environment:create_environment_scripts_only(gantry_services)
[2.408s] INFO:colcon.colcon_core.shell:Creating package script '/home/lexij/roselab-perception/install/gantry_services/share/gantry_services/package.ps1'
[2.408s] INFO:colcon.colcon_core.shell:Creating package descriptor '/home/lexij/roselab-perception/install/gantry_services/share/gantry_services/package.dsv'
[2.408s] INFO:colcon.colcon_core.shell:Creating package script '/home/lexij/roselab-perception/install/gantry_services/share/gantry_services/package.sh'
[2.409s] INFO:colcon.colcon_core.shell:Creating package script '/home/lexij/roselab-perception/install/gantry_services/share/gantry_services/package.bash'
[2.409s] INFO:colcon.colcon_core.shell:Creating package script '/home/lexij/roselab-perception/install/gantry_services/share/gantry_services/package.zsh'
[2.409s] Level 1:colcon.colcon_core.environment:create_file_with_runtime_dependencies(/home/lexij/roselab-perception/install/gantry_services/share/colcon-core/packages/gantry_services)
[2.542s] Level 1:colcon.colcon_core.environment:checking '/home/lexij/roselab-perception/install/scan_automation' for CMake module files
[2.543s] DEBUG:colcon.colcon_core.event_handler.log_command:Invoked command in '/home/lexij/roselab-perception/ros/src/scan_automation' returned '0': CMAKE_PREFIX_PATH=/home/lexij/roselab-perception/install/gantry_lidar_interfaces:/home/lexij/roselab-perception/install/realsense_bag_recorder_cpp:/opt/ros/jazzy/opt/sdformat_vendor:/opt/ros/jazzy/opt/gz_math_vendor:/opt/ros/jazzy/opt/gz_utils_vendor:/opt/ros/jazzy/opt/gz_tools_vendor:/opt/ros/jazzy/opt/gz_cmake_vendor LD_LIBRARY_PATH=/home/lexij/roselab-perception/install/gantry_lidar_interfaces/lib:/home/lexij/roselab-perception/install/realsense_bag_recorder_cpp/lib:/opt/ros/jazzy/opt/sdformat_vendor/lib:/opt/ros/jazzy/opt/rviz_ogre_vendor/lib:/opt/ros/jazzy/lib/x86_64-linux-gnu:/opt/ros/jazzy/opt/gz_math_vendor/lib:/opt/ros/jazzy/opt/gz_utils_vendor/lib:/opt/ros/jazzy/opt/gz_tools_vendor/lib:/opt/ros/jazzy/opt/gz_cmake_vendor/lib:/opt/ros/jazzy/lib PYTHONPATH=/home/lexij/roselab-perception/build/scan_automation/prefix_override:/usr/lib/python3/dist-packages/colcon_core/task/python/colcon_distutils_commands:/home/lexij/roselab-perception/install/scan_automation/lib/python3.12/site-packages:/home/lexij/roselab-perception/install/gantry_lidar_interfaces/lib/python3.12/site-packages:/home/lexij/roselab-perception/install/scan_automation/lib/python3.12/site-packages:/home/lexij/roselab-perception/install/realsense_bag_recorder_cpp/lib/python3.12/site-packages:/home/lexij/roselab-perception/install/mastcam_pointcloud/lib/python3.12/site-packages:/home/lexij/roselab-perception/install/gantry_services/lib/python3.12/site-packages:/home/lexij/roselab-perception/install/aggregated_pointcloud/lib/python3.12/site-packages:/opt/ros/jazzy/lib/python3.12/site-packages /usr/bin/python3 -W ignore:setup.py install is deprecated -W ignore:easy_install command is deprecated setup.py egg_info --egg-base ../../../build/scan_automation build --build-base /home/lexij/roselab-perception/build/scan_automation/build install --record /home/lexij/roselab-perception/build/scan_automation/install.log --single-version-externally-managed install_data
[2.543s] Level 1:colcon.colcon_core.environment:checking '/home/lexij/roselab-perception/install/scan_automation' for CMake config files
[2.543s] Level 1:colcon.colcon_core.environment:checking '/home/lexij/roselab-perception/install/scan_automation/lib'
[2.543s] Level 1:colcon.colcon_core.environment:checking '/home/lexij/roselab-perception/install/scan_automation/bin'
[2.543s] Level 1:colcon.colcon_core.environment:checking '/home/lexij/roselab-perception/install/scan_automation/lib/pkgconfig/scan_automation.pc'
[2.544s] Level 1:colcon.colcon_core.environment:checking '/home/lexij/roselab-perception/install/scan_automation/lib/python3.12/site-packages'
[2.544s] Level 1:colcon.colcon_core.shell:create_environment_hook('scan_automation', 'pythonpath')
[2.544s] INFO:colcon.colcon_core.shell:Creating environment hook '/home/lexij/roselab-perception/install/scan_automation/share/scan_automation/hook/pythonpath.ps1'
[2.544s] INFO:colcon.colcon_core.shell:Creating environment descriptor '/home/lexij/roselab-perception/install/scan_automation/share/scan_automation/hook/pythonpath.dsv'
[2.544s] INFO:colcon.colcon_core.shell:Creating environment hook '/home/lexij/roselab-perception/install/scan_automation/share/scan_automation/hook/pythonpath.sh'
[2.545s] Level 1:colcon.colcon_core.environment:checking '/home/lexij/roselab-perception/install/scan_automation/bin'
[2.545s] Level 1:colcon.colcon_core.environment:create_environment_scripts_only(scan_automation)
[2.545s] INFO:colcon.colcon_core.shell:Creating package script '/home/lexij/roselab-perception/install/scan_automation/share/scan_automation/package.ps1'
[2.545s] INFO:colcon.colcon_core.shell:Creating package descriptor '/home/lexij/roselab-perception/install/scan_automation/share/scan_automation/package.dsv'
[2.546s] INFO:colcon.colcon_core.shell:Creating package script '/home/lexij/roselab-perception/install/scan_automation/share/scan_automation/package.sh'
[2.546s] INFO:colcon.colcon_core.shell:Creating package script '/home/lexij/roselab-perception/install/scan_automation/share/scan_automation/package.bash'
[2.546s] INFO:colcon.colcon_core.shell:Creating package script '/home/lexij/roselab-perception/install/scan_automation/share/scan_automation/package.zsh'
[2.546s] Level 1:colcon.colcon_core.environment:create_file_with_runtime_dependencies(/home/lexij/roselab-perception/install/scan_automation/share/colcon-core/packages/scan_automation)
[2.547s] DEBUG:colcon.colcon_parallel_executor.executor.parallel:closing loop
[2.547s] DEBUG:colcon.colcon_parallel_executor.executor.parallel:loop closed
[2.547s] DEBUG:colcon.colcon_parallel_executor.executor.parallel:run_until_complete finished with '0'
[2.547s] DEBUG:colcon.colcon_core.event_reactor:joining thread
[2.599s] INFO:colcon.colcon_core.plugin_system:Skipping extension 'colcon_notification.desktop_notification.notify_send': Could not find 'notify-send'
[2.599s] INFO:colcon.colcon_core.plugin_system:Skipping extension 'colcon_notification.desktop_notification.terminal_notifier': Not used on non-Darwin systems
[2.599s] INFO:colcon.colcon_core.plugin_system:Skipping extension 'colcon_notification.desktop_notification.win32': Not used on non-Windows systems
[2.599s] INFO:colcon.colcon_notification.desktop_notification:Sending desktop notification using 'notify2'
[2.600s] DEBUG:colcon.colcon_notification.desktop_notification.notify2:Failed to initialize notify2: org.freedesktop.DBus.Error.ServiceUnknown: The name org.freedesktop.Notifications was not provided by any .service files
[2.601s] DEBUG:colcon.colcon_core.event_reactor:joined thread
[2.601s] INFO:colcon.colcon_core.shell:Creating prefix script '/home/lexij/roselab-perception/install/local_setup.ps1'
[2.603s] INFO:colcon.colcon_core.shell:Creating prefix util module '/home/lexij/roselab-perception/install/_local_setup_util_ps1.py'
[2.604s] INFO:colcon.colcon_core.shell:Creating prefix chain script '/home/lexij/roselab-perception/install/setup.ps1'
[2.605s] INFO:colcon.colcon_core.shell:Creating prefix script '/home/lexij/roselab-perception/install/local_setup.sh'
[2.605s] INFO:colcon.colcon_core.shell:Creating prefix util module '/home/lexij/roselab-perception/install/_local_setup_util_sh.py'
[2.606s] INFO:colcon.colcon_core.shell:Creating prefix chain script '/home/lexij/roselab-perception/install/setup.sh'
[2.607s] INFO:colcon.colcon_core.shell:Creating prefix script '/home/lexij/roselab-perception/install/local_setup.bash'
[2.607s] INFO:colcon.colcon_core.shell:Creating prefix chain script '/home/lexij/roselab-perception/install/setup.bash'
[2.608s] INFO:colcon.colcon_core.shell:Creating prefix script '/home/lexij/roselab-perception/install/local_setup.zsh'
[2.609s] INFO:colcon.colcon_core.shell:Creating prefix chain script '/home/lexij/roselab-perception/install/setup.zsh'
